Slope_Angle,Elevation,Aspect,Curvature,Rainfall_mm,Soil_Saturation,Earthquake_Activity,Vegetation_Cover,Proximity_to_Water,Year,Landslide,Soil_Type_GHS paro,Soil_Type_LHS,Soil_Type_LHS Daling,Soil_Type_Lingtse,Soil_Type_MCT zone,Extent_East Sikkim,Extent_Gangtok basin,Extent_Sikkim
29.29584693908692,624.8,83.21519470214845,70270649.2,2.916301369863014,0.7063287671232876,6.9,0.7483260914107744,0.37419626939247574,2011,1,False,False,True,False,False,False,False,False
48.65379506065732,1292.7936507936508,166.60978383866566,-187165816.46031743,2.340054794520548,0.6379452054794521,4.8,0.6293502481953004,1.141888935562145,2005,1,False,False,True,False,False,False,False,True
20.0,1192.193999808229,340.79199623767664,3.5268260511422547,2.5641783142910346,0.37708425773529947,4.6,0.7884024066067229,0.1580673662233441,2019,0,False,False,False,False,True,True,False,False
51.77813243865966,1532.75,159.0482063293457,-268919960.0,2.916301369863014,0.7063287671232876,6.9,0.8716145929257791,1.4176591158141538,2011,1,False,False,True,False,False,False,False,True
39.36086592180976,1411.2413793103449,203.09920580633752,-46974102.79310345,3.1644931506849314,0.6974246575342465,0.0,0.6968869418823738,1.2780151583169352,2010,1,False,False,True,False,False,False,False,True
11.191871272687644,196.23123463729496,169.07103888505523,-3.8084410311679924,0.9599195136914405,0.4314169483332352,5.0,0.6649850802034156,2.91188622282258,2007,0,False,False,True,False,False,False,True,False
16.727049499885663,1233.4339602969196,234.27667712114905,0.7715856331814036,1.108806679788508,0.2376470879086005,4.9,0.6744659662612384,0.8960693531705268,2014,0,False,True,False,False,False,True,False,False
15.558113252354115,1619.6715690739293,313.9688520080916,-3.91134510163164,2.3471917913980467,0.4229911492882874,4.6,0.7828851085985515,0.3827723081452382,2019,0,False,True,False,False,False,False,False,True
20.0,1152.8863129867232,142.35633647744916,-5.569265498005667,1.023687764963852,0.2989304730245837,4.5,0.7726780518217022,1.58181515483068,2002,0,False,False,True,False,False,False,False,True
28.654762056,3558.2839627,168.67681376,55387105.778,2.426065573770492,0.6655737704918033,5.0,0.10552695261768257,3.7455069425036442,2012,1,True,False,False,False,False,True,False,False
29.678633689880368,1515.3333333333333,138.00896962483725,-133678985.0,4.043369863013698,0.791068493150685,4.5,0.890974319344381,1.3976429865392181,2017,1,False,False,False,True,False,False,True,False
18.07577504435877,1302.079393781301,78.6635403674869,2.6298877920880837,1.49920643829194,0.3040323131510706,4.8,0.6484176707781005,1.64021753937883,2009,0,True,False,False,False,False,False,True,False
20.0,563.80877258225,168.04154780322764,1.1966540019874068,2.623540927539579,0.38620401458590514,4.6,0.6324068073887656,2.7052302979862293,2019,0,False,True,False,False,False,True,False,False
15.241023540496826,363.0,51.8013858795166,-209880144.0,2.916301369863014,0.7063287671232876,6.9,0.4583158087451697,0.07332224197555269,2011,1,False,False,True,False,False,False,False,False
12.31808879975085,1053.0485199137079,191.76331923415978,-2.3409139565452217,1.0330780783484674,0.45780033727074765,4.9,0.5597249755235072,0.4534505551660125,2014,0,False,False,False,True,False,False,False,True
38.599991904,3852.1173231,268.60417345,98154514.833,4.043369863013698,0.791068493150685,4.5,0.2678651475469294,4.083195355540299,2017,1,True,False,False,False,False,True,False,False
12.223834335474518,699.8725153068025,130.71626518824377,-3.7877485561964086,1.3786607934513466,0.14605685016800676,5.0,0.7466823846927234,2.399882782274902,2012,0,False,False,False,True,False,False,True,False
45.340792592366526,834.4666666666667,51.640505107243854,-62255556.4,4.043369863013698,0.791068493150685,4.5,0.6091500749817148,0.6151559883194488,2017,1,False,False,True,False,False,True,False,False
34.8011979,4530.4290365,115.11593776,160329787.78,2.916301369863014,0.7063287671232876,6.9,0.09040717852365344,4.862746070035072,2011,1,True,False,False,False,False,True,False,False
11.49588504907396,1098.4749629257612,92.4099221916165,6.223440231825483,1.3153271212691662,0.4264698334664674,5.0,0.720719755960408,1.7697790020457935,2012,0,True,False,False,False,False,False,False,True
12.771236568670341,648.0970640079031,146.509887468335,-7.783816729393621,1.346828061708774,0.22844020040457513,6.9,0.5774056808679036,1.2643430706381413,2011,0,False,False,False,False,True,False,True,False
36.4351103101458,888.4285714285713,143.05968300955635,-97549612.11071427,2.916301369863014,0.7063287671232876,6.9,0.8961828387944833,0.6771717851597951,2011,1,False,True,False,False,False,False,False,True
13.341084041388477,957.564789294461,59.626204930175525,-4.269698541938464,1.419675321807235,0.24344653101030556,5.0,0.709139364077404,1.6793268012611733,2007,0,False,False,True,False,False,False,True,False
34.296261258,3439.8241102,274.13989258,-37261732.806,2.340054794520548,0.6379452054794521,4.8,0.4712912631977199,3.609366786243562,2005,1,True,False,False,False,False,True,False,False
42.062105815,2856.0432129,153.41199748,157480212.89,2.916301369863014,0.7063287671232876,6.9,0.5556371865230099,2.93845574842952,2011,1,True,False,False,False,False,True,False,False
4.5661460864983185,787.9538131599602,169.10775467664615,2.7334766188293775,2.4856166970286395,0.20754163602689077,5.3,0.7651213330393324,0.43588693848670335,2018,0,False,False,True,False,False,False,True,False
14.519078477947776,100.0,351.88276247653243,-6.028810642277693,1.8729482191063185,0.44428461717327294,5.4,0.49841925916610863,2.436246434433691,2016,0,False,False,False,True,False,True,False,False
63.999013689,1827.8456896,103.19099087,-259624497.78,2.916301369863014,0.7063287671232876,6.9,0.6122325424664291,1.7567982625037115,2011,1,True,False,False,False,False,True,False,False
8.75013394068265,100.0,326.65685929662493,-11.87833005546308,0.7758437417315998,0.4892545253725957,4.8,0.6833471689589268,0.708703125800069,2009,0,False,False,False,False,True,False,False,True
43.360586802,2917.0833333,270.18650648,-22530920.889,2.916301369863014,0.7063287671232876,6.9,0.6184649045835579,3.0086061947960667,2011,1,True,False,False,False,False,True,False,False
42.119812859,3851.6296115,327.08626302,21686023.778,2.916301369863014,0.7063287671232876,6.9,0.12950086874296596,4.082634852280903,2011,1,True,False,False,False,False,True,False,False
4.968576857083589,1516.8623643042529,186.2061774171595,-5.858349290336452,1.5100535853067014,0.2428143197767521,5.2,0.7244815382541031,1.2236527450830943,2008,0,False,True,False,False,False,True,False,False
30.432483461,4370.1265734,304.34316678,28516379.556,4.043369863013698,0.791068493150685,4.5,0.28418249718418365,4.678518233221666,2017,1,True,False,False,False,False,True,False,False
31.677896912033493,1490.945945945946,152.41934863941088,-43024829.32432432,4.043369863013698,0.791068493150685,4.5,0.8514986114133414,1.369615746426843,2017,1,False,False,False,True,False,False,True,False
15.194455229683866,103.60725705265043,81.48653796293493,3.8425855707477803,0.7655796649144526,0.40790077001492636,5.3,0.7115430985338317,1.1534911095568088,2006,0,False,True,False,False,False,True,False,False
40.225155372365855,547.9228779212909,127.62969120140156,108488296.5285528,2.916301369863014,0.7063287671232876,6.9,0.8443405447766807,0.2858451260156857,2011,1,False,False,True,False,False,False,False,True
36.02553844451904,690.5,196.2453956604004,-160559925.75,2.916301369863014,0.7063287671232876,6.9,0.7237853030734279,0.44970208910711235,2011,1,False,False,True,False,False,False,False,True
27.346776115,3504.5864258,243.00549316,237811940.44,2.0873424657534247,0.6205479452054794,5.3,0.2083824276902237,3.683794970809711,2006,1,True,False,False,False,False,True,False,False
1.230603776442134,947.8310410749941,191.4885743487348,-0.9050306932980694,1.3477830522007963,0.46103489799142927,4.6,0.8276016456211358,0.9690391831403233,2019,0,False,True,False,False,False,True,False,False
18.48703057431312,1218.2940530161363,352.7216848276279,-8.690902361682719,1.0775245443128139,0.341856121905722,5.7,0.8383845275272213,2.9350108850006253,2015,0,False,False,False,False,True,True,False,False
19.22086539274484,225.13329570308304,75.51106116612529,3.5340871465686705,2.6814928954787067,0.34694209804965326,5.4,0.6334396727709264,1.6299345820983178,2016,0,False,False,False,True,False,True,False,False
23.018336826,4138.6789822,329.37999471,95295078.444,4.043369863013698,0.791068493150685,4.5,0.21299031487565012,4.412526755374877,2017,1,True,False,False,False,False,True,False,False
30.9529411315918,1123.8,52.54895076751709,-31247960.2,2.0873424657534247,0.6205479452054794,5.3,0.6960148803091835,0.947672738762394,2006,1,False,False,True,False,False,False,False,True
40.755428738,4558.79324,292.84095256,54642675.111,3.1644931506849314,0.6974246575342465,0.0,0.22425393524881698,4.895343671797939,2010,1,True,False,False,False,False,False,False,True
37.990409639,1298.5246853,187.68825955,23697654.222,2.606986301369863,0.6875890410958904,5.7,0.7893415877991788,1.1484753352305586,2015,1,False,False,True,False,False,False,False,True
31.432821486,1544.1481391,195.78910828,123486441.33,4.043369863013698,0.791068493150685,4.5,0.7507911279315577,1.4307584436066492,2017,1,False,False,True,False,False,False,False,True
32.757244746,1371.8487549,97.903861152,-21167273.345,2.916301369863014,0.7063287671232876,6.9,0.6270869310163225,1.2327431279240295,2011,1,True,False,False,False,False,True,False,False
15.090702976403406,185.4193038039084,26.161513779605862,-10.823571251552053,2.105432130410765,0.4630983473135212,4.6,0.5873946959445552,2.6409581869817127,2019,0,False,False,True,False,False,False,True,False
31.100647687911987,606.75,207.60305404663083,-169559710.0,2.916301369863014,0.7063287671232876,6.9,0.897151542600202,0.3534522808711791,2011,1,False,False,True,False,False,False,False,True
10.6025046709998,865.4293342354619,308.47461698703387,2.030425985081171,0.9515930873072312,0.37421574907412336,4.8,0.7815411891220194,0.9882728909738588,2004,0,False,False,False,False,True,True,False,False
18.490888539173483,1432.3817179612809,296.265040639735,-7.691849994840516,1.836447244159928,0.3729711016802296,5.4,0.8386501424487672,0.8413533720065484,2016,0,False,False,True,False,False,True,False,False
17.14321315151533,424.88806645203584,130.9295249122105,6.013136505238318,2.687258049674851,0.31068788108000933,4.5,0.8652935046096135,2.1463426494700464,2017,0,False,False,True,False,False,False,False,True
0.0,1470.2189574177942,358.14887030135577,1.4992547588537324,0.8509075897040596,0.2687915068056435,5.2,0.49462951939758026,2.8222724425847017,2008,0,False,False,False,True,False,False,False,True
7.2483451590164085,174.93808589356865,43.28900154420323,-4.116796022892115,1.3875718687274479,0.5160042489483483,4.8,0.7615842422840415,2.976478668247726,2005,0,False,False,False,True,False,False,False,True
16.897964754204327,758.2074614492534,213.48522012981516,1.3191950212444616,1.8173058138192615,0.4579113303993927,0.0,0.6742423650105669,2.4827605523589704,2010,0,True,False,False,False,False,True,False,False
17.050707302143092,972.877060586162,59.77235282983037,-1.695226516048696,0.9663488226475767,0.29955035157283666,4.9,0.3839856862900756,0.9928349632956655,2014,0,False,False,False,False,True,True,False,False
16.750892397642836,1449.7528234400847,239.10764922195025,3.710414849346675,1.1672050747226532,0.24869704903898499,0.0,0.9309611144013817,0.17415241736023054,2010,0,True,False,False,False,False,False,False,True
17.628393921848147,619.9595465239104,140.31337947353714,2.948610463706915,1.6569471056672904,0.3985464524646742,5.0,0.8306613593268393,2.2433651237795638,2007,0,False,False,False,True,False,False,True,False
15.852126085583212,1485.810827277493,284.0979047719433,10.632177944866044,1.3141922823243002,0.26197798091776725,4.8,0.6513559424774136,0.9224629779096951,2009,0,True,False,False,False,False,True,False,False
28.547738711039223,607.8888888888889,145.83236355251736,-12640428.222222222,2.533753424657534,0.6537534246575343,4.8,0.7345336565934959,0.3547611505685832,2009,1,False,False,True,False,False,False,False,False
16.851494436300303,568.367876608228,35.74879299132946,1.101907913940169,2.7744881199912004,0.2933593257037514,5.3,0.6977061008557812,1.653340051703966,2018,0,False,True,False,False,False,True,False,False
16.88449539018533,770.0586456260612,175.81486643385793,3.1484992635629165,2.0737929971942615,0.43538085623090683,5.3,0.4035999328418749,2.6074918283479627,2018,0,False,False,False,False,True,False,True,False
48.46465606689453,1046.2,75.16201782226561,-424366844.0,2.916301369863014,0.7063287671232876,6.9,0.8252613203374493,0.8584908268924428,2011,1,False,False,True,False,False,False,False,True
12.602949669453553,758.8657919102402,352.8392372689561,6.748697647753125,0.9893246929446741,0.3911026654818728,4.5,0.9488643281379584,1.5420362711135462,2002,0,False,True,False,False,False,False,True,False
17.6830238585228,1499.6966488174112,9.05110497981818,5.614319768669038,1.1930395603093755,0.4227080020450954,5.3,0.5552151098682313,1.5002686957893039,2006,0,True,False,False,False,False,False,False,True
33.211696413,4642.5863715,302.03416951,289058764.44,2.916301369863014,0.7063287671232876,6.9,0.18241264458900164,4.991643048972425,2011,1,True,False,False,False,False,True,False,False
9.920663292941077,824.011602300805,122.53683336000296,-4.155849429023323,0.7094712957602023,0.36314193440413506,4.8,0.6888630001023459,0.7723397459727067,2005,0,False,True,False,False,False,True,False,False
17.715329514449593,865.3909916669813,45.451361805340845,5.397718104058206,1.4434535373885375,0.48672728062820825,5.3,1.0,0.7707117921162707,2018,0,False,False,True,False,False,False,False,True
10.690167818407236,732.4812853191419,108.17617881615566,-7.157589988616571,1.3971202541763539,0.40275371586800146,5.4,0.7023047163839964,2.52593958320662,2016,0,False,False,True,False,False,True,False,False
19.843545055054648,935.546062820697,77.77849140420739,-3.2647899562890554,1.2769505532599128,0.12438676925070552,4.5,0.7762848816037479,0.25808458956969627,2002,0,False,False,False,True,False,False,False,True
17.473918558199568,544.662455942799,75.19106545406639,-1.0246189588705443,2.5629825848420724,0.29207998422786763,4.6,0.4437722396025114,1.8930433163888851,2019,0,True,False,False,False,False,False,True,False
10.996435258313582,1851.6850525201091,288.8475584973351,0.4116494335854364,1.4076536889752929,0.410588554795727,4.8,0.4823340419244987,0.19199522626649035,2004,0,False,True,False,False,False,True,False,False
33.38044107877291,1811.153846153846,204.56980426494889,-13125013.153846152,2.916301369863014,0.7063287671232876,6.9,0.8927556238387604,1.7376151373598723,2011,1,False,False,True,False,False,True,False,False
6.75585832959162,991.0214864502584,67.22038647829493,-9.27918885475162,1.6506201784211487,0.386431952062795,6.9,0.7582699622572436,1.951216674519252,2011,0,False,False,False,True,False,False,True,False
12.877105376500566,391.02584818169356,350.44466039142236,4.424966930405549,1.546536255282549,0.4347118318979641,4.5,0.6189620494996348,0.5856332591021667,2017,0,True,False,False,False,False,False,False,True
8.073234287439735,443.54679655940544,166.12038427943256,-1.166836443817673,1.9816202426488874,0.3841700383630937,6.9,0.7298044276572104,2.242356177886198,2011,0,False,False,True,False,False,False,True,False
27.737838745117188,1376.3333333333333,85.04452768961589,-113519162.66666669,4.043369863013698,0.791068493150685,4.5,0.8526356769407126,1.2378970361536097,2017,1,False,False,False,True,False,False,True,False
39.30528798237263,1064.512738256548,193.73118402754227,-342906577.76510763,2.606986301369863,0.6875890410958904,5.7,0.8566381752033021,0.8795367677338466,2015,1,False,False,True,False,False,False,False,True
5.0731406716513385,487.59182829404375,16.147284488484715,2.3172153618040943,1.2014441646810878,0.3640842966557415,5.5,0.390267180692967,1.700615447075353,2003,0,False,True,False,False,False,True,False,False
19.379266402436425,891.9817791368849,92.94237150882091,-4.223582308780477,1.0298141136990844,0.31982186129502477,4.8,0.8455295240027949,1.6256393034104686,2005,0,False,True,False,False,False,False,False,True
1.5739117821728055,951.1845839747497,325.9295547400333,-2.774358563853787,2.378390348074499,0.3630454112088677,5.4,0.5510852236372269,0.23358288467773455,2016,0,False,False,False,False,True,True,False,False
50.674103207058366,1750.111111111111,178.51779683430993,112320684.66666669,2.916301369863014,0.7063287671232876,6.9,0.6129479735851728,1.6674616861113933,2011,1,True,False,False,False,False,True,False,False
11.983245651705133,1304.7281651736434,269.7421365704795,4.775770584504116,1.13073526732065,0.3182030433565138,4.8,0.6425921811762163,0.3389773183996498,2005,0,False,True,False,False,False,False,False,True
23.080600624992734,855.6428571428571,108.72891253516786,18737198.30357143,4.043369863013698,0.791068493150685,4.5,0.6859623756384853,0.6394927557522956,2017,1,False,False,True,False,False,True,False,False
9.578454097068159,795.9536354124355,160.28860042252373,-7.85496677837336,1.188405917745117,0.45185733031860403,4.5,0.46807568205836514,2.647406002830389,2002,0,False,False,False,True,False,False,False,True
12.848264447354255,1154.579278806504,290.6625709223825,-1.7170554979398371,1.3019376137704939,0.41492287903050984,5.3,0.8516053246879165,0.4132839767255798,2006,0,False,False,False,True,False,False,False,True
17.970909812755345,1125.277762741159,129.73601517492511,3.1479706819698716,2.2982225083088488,0.23729025481530408,5.4,0.8134748391760234,0.8023064860076645,2016,0,False,False,False,False,True,True,False,False
30.54343566894531,4021.75,224.5387641906738,-2952069.2,2.0284931506849313,0.6234520547945205,4.5,0.28760287101913967,4.278145954014007,2002,1,True,False,False,False,False,False,False,True
16.740884126811505,1022.1517390532875,47.65405645259008,4.275766827410114,1.2073416060555162,0.47106905737559024,5.0,0.6576135851820313,1.6434463370829624,2007,0,False,True,False,False,False,False,True,False
43.29751561942245,717.8916475315604,191.43352104386585,-63443377.753925085,2.916301369863014,0.7063287671232876,6.9,0.6135656010318568,0.4811819795211894,2011,1,False,True,False,False,False,False,False,True
4.689820142490572,1044.32393350191,165.0479128449328,6.67827948572281,1.4672184749331567,0.22658788649909295,4.8,0.6768191508655196,2.4535588126194896,2004,0,False,True,False,False,False,True,False,False
26.897121169350363,513.2727272727273,89.23388810591264,-44083761.045454554,3.1644931506849314,0.6974246575342465,0.0,0.6172676280049932,0.24602339043036683,2010,1,False,False,True,False,False,False,False,False
12.833848097982589,792.6732562228595,182.68069180310718,6.764205873466363,1.3472889052684558,0.2996080528625737,5.3,0.8889945253512381,2.5690766688852746,2006,0,False,False,False,True,False,False,False,True
34.398530189683605,2203.3895661006236,136.16637137560224,328773773.80653733,2.916301369863014,0.7063287671232876,6.9,0.516760503620249,2.188392603964774,2011,1,False,False,True,False,False,False,False,True
36.255406698,4487.7838542,256.52471415,45309569.111,4.161890410958905,0.781123287671233,5.3,0.20375180667479242,4.813736032798518,2018,1,True,False,False,False,False,False,False,True
42.2262697421396,432.41847483053806,155.31579336921294,154192280.57173964,2.916301369863014,0.7063287671232876,6.9,0.450474905887536,0.15310152424982426,2011,1,False,False,True,False,False,False,False,False
8.63755263434858,405.16729188479104,145.40323110124456,1.8424180166849782,1.5574560083867763,0.23337621061406938,4.8,0.8611278088268456,1.5134148808489243,2009,0,False,False,True,False,False,False,True,False
35.11938815646701,2940.481481481481,296.90171305338544,51652960.0,2.426065573770492,0.6655737704918033,5.0,0.536362319430332,3.0354965503249436,2012,1,True,False,False,False,False,True,False,False
16.385509893931463,1005.1374452317509,59.33688312483434,-1.9154170677628188,1.4243151017340536,0.2552953342159471,5.2,0.9110888462597417,2.944302035702296,2013,0,False,False,True,False,False,False,False,True
8.52289185055012,967.2826451018144,265.52366967341766,3.8417147474307307,2.130497842006545,0.2944457838424564,0.0,0.48505913189717287,0.4441157819761625,2010,0,False,False,False,True,False,False,True,False
38.924688551,2231.8364529,86.026110331,141511352.44,2.0284931506849313,0.6234520547945205,4.5,0.47261658145345015,2.2210852296286463,2002,1,True,False,False,False,False,True,False,False
10.342066878684207,330.20404700274463,357.027342180422,1.637098858254939,1.5558425749323768,0.5352564728775049,4.9,0.8803358170623511,2.22529164326231,2014,0,False,False,False,True,False,False,False,True
49.328309377,872.48766412,118.42128923,134064684.89,2.533753424657534,0.6537534246575343,4.8,0.8676139665531339,0.6588516744546397,2009,1,False,False,True,False,False,False,False,True
42.96261405944824,2442.5,162.84230041503906,73089840.0,2.426065573770492,0.6655737704918033,5.0,0.6118726681469489,2.4631906148307534,2012,1,False,False,False,False,True,False,False,True
40.574465858,2154.2006565,97.471321954,-228105780.22,2.916301369863014,0.7063287671232876,6.9,0.6284858845986152,2.13186217869439,2011,1,True,False,False,False,False,True,False,False
36.3467820485433,787.0,198.06991831461588,275039780.0,2.916301369863014,0.7063287671232876,6.9,0.8205213131411657,0.5606048532237398,2011,1,False,False,True,False,False,False,False,True
6.404425359866457,100.0,133.89576045007135,3.355185063399031,2.9739533104365923,0.3786729839083791,4.6,0.514811133132364,2.4294102235279382,2019,0,False,False,True,False,False,True,False,False
16.596514348538776,395.76236531735714,334.593610010321,4.472888396218783,0.7127678214683074,0.23156950489808797,5.3,0.7967753688059227,1.3353928064584415,2006,0,False,False,False,True,False,False,True,False
56.893426683,2065.9814996,118.3053894,6257655.1111,2.916301369863014,0.7063287671232876,6.9,0.6032693085526847,2.030476185448292,2011,1,True,False,False,False,False,True,False,False
14.165723846159544,712.1038786388493,2.4157405094615836,-6.449930879126066,2.1310596649171742,0.4988235316869476,0.0,0.6166986544205011,1.4461914519611674,2010,0,False,False,True,False,False,False,False,True
26.305618047714237,587.625,143.4917392730713,-97740048.74999999,2.0873424657534247,0.6205479452054794,5.3,0.8049020320249071,0.3314728470501377,2006,1,False,False,True,False,False,False,False,True
4.530851793928797,581.4959315876412,136.6210452148987,-4.629095915737896,0.8293368727023144,0.22462998701017792,5.0,0.714408796292713,2.0908904348254325,2007,0,False,False,False,False,True,False,True,False
2.693255481615884,529.605490810241,266.28166826163493,-4.212002412683984,0.9386432427380759,0.21806780862202368,4.9,0.8171223141721207,2.7993898174713308,2014,0,True,False,False,False,False,False,False,True
35.82572517731473,1190.1850906858435,224.06447554360233,133444038.74630667,2.916301369863014,0.7063287671232876,6.9,0.7022410620759053,1.0239658999353787,2011,1,False,False,True,False,False,False,False,True
0.0,878.4670182314915,39.86944031482492,2.398937214920878,1.6877404380884393,0.14561737050778825,4.8,0.6901728236411901,1.305997884283048,2009,0,False,False,False,False,True,False,False,True
27.86625385284424,1690.0,149.8041534423828,-431280640.0,2.916301369863014,0.7063287671232876,6.9,0.8441385059120846,1.5983789050093835,2011,1,True,False,False,False,False,False,False,False
32.88312110242411,1504.1749962151034,193.85671875833913,-338288971.5872246,2.916301369863014,0.7063287671232876,6.9,0.8978894388357901,1.3848192515199762,2011,1,True,False,False,False,False,True,False,False
18.784283871094445,100.0,174.72923393755937,-12.617437351039387,1.1245001339980556,0.5229114768069534,5.0,0.6874909568306674,0.7759111544834213,2007,0,False,True,False,False,False,True,False,False
18.94156350716904,894.5698705049795,81.46047895712346,4.28887303497581,1.4161444333559532,0.32342243035457224,6.9,0.7779795159699718,0.6519772277756378,2011,0,False,False,True,False,False,True,False,False
49.45972900390625,1521.2,194.46183166503909,-328751731.2,2.916301369863014,0.7063287671232876,6.9,0.7734840422988523,1.4043852616634074,2011,1,False,False,True,False,False,False,True,False
46.61039320627848,2056.083333333333,136.04776509602863,35041198.416666664,2.916301369863014,0.7063287671232876,6.9,0.5608289099032361,2.0191007035968997,2011,1,True,False,False,False,False,False,False,False
49.243693458,1533.8796251,151.4434611,93384304.444,2.916301369863014,0.7063287671232876,6.9,0.6755346887476092,1.4189573390888224,2011,1,True,False,False,False,False,True,False,False
36.6656060218811,1646.25,82.38287544250488,-82978318.0,2.916301369863014,0.7063287671232876,6.9,0.6356453748804216,1.5480991544383735,2011,1,True,False,False,False,False,True,False,False
15.85940997517716,249.32338374476728,170.64231425393612,0.7204652380373924,1.2033050739428304,0.41718865749515555,4.5,0.8910511371857041,2.2406879845568466,2002,0,False,False,False,False,True,False,True,False
44.175689814991244,936.4148496530065,175.80415734513363,-140828274.4244073,2.916301369863014,0.7063287671232876,6.9,0.7594063894704444,0.7323200845873536,2011,1,False,False,True,False,False,True,False,False
38.038113594055176,932.5,241.97910690307617,-127259363.5,2.916301369863014,0.7063287671232876,6.9,0.8632416040581159,0.7278209379798983,2011,1,False,False,True,False,False,False,False,True
12.482726317693876,979.6043853675743,24.661946385712646,5.747117180006361,1.018449535826259,0.5034363533441021,4.8,0.5989113479905607,0.31171041940891925,2009,0,False,False,False,True,False,False,False,True
7.314889978000371,369.33562619026816,166.62670380570623,6.806050576605593,1.030422531813897,0.3892597664465983,4.8,0.45026613698065787,1.9364632846672902,2004,0,False,False,True,False,False,False,False,True
11.334709576644658,655.4456931272648,60.86918532815731,2.572004682852189,0.8670663846906023,0.37248488160456383,4.5,0.6227561111018964,1.4113871894002623,2002,0,True,False,False,False,False,False,False,True
17.31782859693009,905.5577721816077,245.07212146577479,-6.688547119588995,1.3793467565785478,0.3780391971113314,5.3,0.6437793423257392,2.1641560404737534,2018,0,False,False,True,False,False,True,False,False
10.758685496074422,1408.4688551058966,315.81423461742463,-2.3592979721673184,1.138534809277096,0.43502053671312346,4.8,0.6505841294361814,1.6574198127517255,2004,0,False,True,False,False,False,False,True,False
46.05160268147787,2125.0,190.9578603108724,-260638553.66666663,2.426065573770492,0.6655737704918033,5.0,0.4218289019092581,2.098303282115425,2012,1,False,False,False,False,True,False,False,True
29.364418877,3568.2623427,174.46335178,35840264.889,2.916301369863014,0.7063287671232876,6.9,0.1567769471565641,3.756974610103707,2011,1,True,False,False,False,False,True,False,False
52.807376862,2089.3857829,137.78555128,-55255809.938,2.916301369863014,0.7063287671232876,6.9,0.43301557735830304,2.057373591770972,2011,1,True,False,False,False,False,True,False,False
18.539933185700527,495.83997026667754,0.7573835433180287,10.001837557540407,1.7371462845104113,0.3725698137811523,5.2,0.708788070631353,1.6001510982415341,2013,0,False,False,False,False,True,True,False,False
10.629840928760272,788.9317329622954,262.7497111854522,2.343028982497959,1.1784811176021635,0.45406186060097586,5.0,0.7748890047074197,1.7367466029830698,2007,0,False,False,False,True,False,True,False,False
8.705507890118986,1027.9175247615078,161.1370585152781,6.178558696494198,1.1908203552775092,0.44831176329765476,5.0,0.8922488825175848,1.2652000918173312,2007,0,False,False,True,False,False,True,False,False
22.751419353622648,1114.6175072943915,100.77855236959248,-230501559.86841395,3.1644931506849314,0.6974246575342465,0.0,0.7912289704494619,0.93711974578278,2010,1,False,False,True,False,False,True,False,False
27.926974932,4549.3734266,308.83096653,37278244.111,2.916301369863014,0.7063287671232876,6.9,0.07103499124876221,4.884517937668168,2011,1,True,False,False,False,False,True,False,False
45.82308197,2924.9536947,188.09582689,192397396.5,2.916301369863014,0.7063287671232876,6.9,0.5772678829564726,3.0176512189811113,2011,1,True,False,False,False,False,True,False,False
38.68672943115234,920.5,187.9659576416016,-136441474.0,2.916301369863014,0.7063287671232876,6.9,0.8820690724274873,0.7140299206804213,2011,1,False,False,True,False,False,False,False,True
57.86491055,2049.6296522,121.69872369,-47710854.222,2.916301369863014,0.7063287671232876,6.9,0.593551837122835,2.011683801250641,2011,1,True,False,False,False,False,True,False,False
41.67562739054362,1092.3333333333333,175.53412373860678,-35756009.33333333,2.916301369863014,0.7063287671232876,6.9,0.7286982082125055,0.9115096267326543,2011,1,False,False,True,False,False,False,False,True
33.4248685836792,2196.5,61.242794036865234,-338042048.0,2.916301369863014,0.7063287671232876,6.9,0.6094485142059235,2.180474760191475,2011,1,True,False,False,False,False,False,False,False
12.216358473721451,1180.3185201344593,254.76779747902273,-8.48089533847794,1.0868090665391354,0.3253249337901124,4.8,0.5790672749786433,2.3692504187028516,2005,0,False,False,False,True,False,False,True,False
17.93193706107644,1180.2152031713777,301.7347860786928,-3.5342856703009824,1.3553390936300314,0.30214201001358054,6.9,0.6595239188992275,2.054650851163505,2011,0,True,False,False,False,False,True,False,False
29.292747215774735,776.0265463538842,215.96539366385568,-65548298.00448355,2.916301369863014,0.7063287671232876,6.9,0.684610371771392,0.5479935958013572,2011,1,False,False,True,False,False,False,False,True
44.21783541171932,2262.318860407809,156.78956827147329,-188807061.34869537,2.916301369863014,0.7063287671232876,6.9,0.4333592446918454,2.2561171804011377,2011,1,True,False,False,False,False,True,False,False
45.85354699,1768.0617405,169.09820048,69309522.667,2.916301369863014,0.7063287671232876,6.9,0.7282623055075649,1.6880914728146155,2011,1,False,False,False,False,True,False,True,False
48.137546115,1617.3179118,175.5536872,-52481875.167,2.916301369863014,0.7063287671232876,6.9,0.782869300193969,1.5148489103653575,2011,1,True,False,False,False,False,True,False,False
11.302472622567144,802.3409346901506,133.21884048273188,-4.536300233805612,1.0249610483069151,0.3702992112936077,5.5,0.6947270159602275,2.515518437724117,2003,0,True,False,False,False,False,False,False,True
15.449316248981503,1210.4617125587463,97.76475531037435,2.058931455229335,0.8645845801607578,0.28559539842872084,5.3,0.660843071217977,1.9987035106454847,2006,0,False,True,False,False,False,True,False,False
20.0,823.1182342340877,273.03300643288,4.42729479450169,0.811011332829632,0.3993653565306088,4.5,0.7992684182036102,1.0516642098254625,2002,0,False,False,False,False,True,True,False,False
5.184801707244392,1274.8176446875905,306.66284527462113,-0.24404794052684314,1.406399461159883,0.2900171123457102,4.5,0.5357340922096597,0.35261693943815875,2002,0,False,False,False,False,True,False,True,False
43.280948215,4603.0,309.24114312,8333370.722199999,2.916301369863014,0.7063287671232876,6.9,0.11046307272511292,4.946148354457423,2011,1,True,False,False,False,False,True,False,False
14.013841459965468,677.1620461155595,94.56323133551462,0.5384750282339126,0.7325623699970832,0.3915065094935984,5.3,0.9427571993271753,2.5064816676801267,2006,0,False,False,False,True,False,False,False,True
12.91885567311521,672.3969332988704,63.78153309787158,0.03239742110358323,1.041260100024802,0.36417854204602695,4.8,0.8484163117432468,0.7002814436106687,2005,0,False,True,False,False,False,False,True,False
48.318114995956414,960.2083333333331,175.77733039855957,-141179852.52083334,2.916301369863014,0.7063287671232876,6.9,0.817715852516508,0.7596647800082045,2011,1,False,True,False,False,False,False,False,True
8.015242821127249,1077.0797303976851,70.50269253129079,-5.830044445376126,2.682454279867887,0.3459244150153379,5.3,0.6369461917820517,2.4796012038415847,2018,0,False,False,False,False,True,False,False,True
20.48010095,4469.6142578,238.35524326,125617383.56,2.916301369863014,0.7063287671232876,6.9,0.09664251472150896,4.792854597942108,2011,1,True,False,False,False,False,True,False,False
45.030774858,2371.6419542,300.61964586,28230657.778,2.916301369863014,0.7063287671232876,6.9,0.6072813214307398,2.381756903544509,2011,1,True,False,False,False,False,True,False,False
25.217291832,3324.0123155,215.55509271,195690694.22,3.1644931506849314,0.6974246575342465,0.0,0.49430679432289804,3.4762699142276303,2010,1,True,False,False,False,False,False,True,False
9.223880004356191,588.5351986651352,189.15656851644943,3.206251966641945,1.3400175549601254,0.18315612460973715,5.7,0.8585789498477373,2.4711077970830098,2015,0,False,True,False,False,False,True,False,False
10.23286628132002,741.2004871211709,145.52630267191532,-1.8227457326751182,2.579284702522661,0.3576238227681574,5.4,0.91996835892361,1.6775220227264058,2016,0,False,False,False,False,True,False,True,False
33.33820271026513,1693.0150374217403,148.02794506828178,5023517.106861837,2.916301369863014,0.7063287671232876,6.9,0.6155045163505823,1.601843941112866,2011,1,False,False,True,False,False,True,False,False
2.766137827642993,525.233697683005,230.25800202396547,-0.5036912270300266,1.5013163219200025,0.3083848144138551,4.8,0.7540772822416746,2.2881570561171354,2009,0,False,False,True,False,False,False,False,True
35.517037921,4356.8272027,274.17293125,266858743.11,2.916301369863014,0.7063287671232876,6.9,0.18718344734164655,4.663233912272013,2011,1,True,False,False,False,False,True,False,False
31.0979370704064,623.6923076923077,119.15804642897386,-46412163.41826923,2.916301369863014,0.7063287671232876,6.9,0.8716051925868191,0.3729232524109857,2011,1,False,False,True,False,False,False,False,True
37.663254737854,724.0,233.41226959228516,-369000024.0,2.916301369863014,0.7063287671232876,6.9,0.7116054257378349,0.48820201240148564,2011,1,False,False,True,False,False,False,False,True
40.430790795,4400.3549262,289.99445936,38693372.139,2.916301369863014,0.7063287671232876,6.9,0.2740228249808733,4.713258211254957,2011,1,True,False,False,False,False,True,False,False
9.316307298792452,422.6337939966483,133.34291505911034,-9.825502871767945,0.8543910934580575,0.3474178814951641,5.7,0.6394948489980266,1.2243159490331197,2015,0,True,False,False,False,False,False,True,False
3.456161804102102,100.0,83.79473295646395,-2.937489074858715,1.2228362484025805,0.3046258387161671,0.0,0.720344801316393,2.761738560971304,2010,0,False,False,False,False,True,False,False,True
36.273231506347656,972.8,237.18956909179687,-102816509.8,2.0873424657534247,0.6205479452054794,5.3,0.8273538331393108,0.7741357710773085,2006,1,False,False,True,False,False,False,False,True
3.402294966438898,1700.1819071265081,143.05730057471393,-4.3625765779593575,1.2829354602002625,0.322156711736115,5.5,0.6644218392381901,1.8337359618524864,2003,0,True,False,False,False,False,False,False,True
23.002728223800656,1790.0,168.46526718139648,-75059460.5,4.043369863013698,0.791068493150685,4.5,0.7111926441200673,1.7133040491716915,2017,1,True,False,False,False,False,False,True,False
47.78560808,2027.4383138,96.318543328,192989750.89,2.916301369863014,0.7063287671232876,6.9,0.4679487325593814,1.9861803736028958,2011,1,True,False,False,False,False,True,False,False
44.38148880004884,907.5,179.03305053710935,-57958494.0,2.916301369863014,0.7063287671232876,6.9,0.7886828540339652,0.6990896519393213,2011,1,False,False,True,False,False,False,False,True
13.582130365245419,903.687207337304,161.0885308760848,-0.5631191463139299,1.2965543070009677,0.39427855253218524,4.5,0.7640700593031491,2.147273086082021,2002,0,False,False,False,True,False,False,False,True
14.839267368856357,548.428443524523,40.65955502802248,-0.8481705954757754,1.3211906205052681,0.4124419412256552,4.8,0.9127835029587775,2.574403160671641,2004,0,False,True,False,False,False,False,False,True
9.863571871961339,1371.2125940939152,191.6127112136314,-9.741736297136358,1.2609453685033716,0.23947435788494337,4.8,0.9220163187931922,0.41364954226273454,2009,0,False,True,False,False,False,False,True,False
20.0,1804.9630306313275,36.45356926145722,3.8763969814771135,1.1644687418984536,0.11622451665648464,5.2,0.6527963659452424,0.7354655875453224,2008,0,False,False,False,False,True,False,False,True
11.59074634255971,920.0768650400778,232.7220324448585,-3.8082295306901774,1.6332713498274798,0.36686913253394327,4.8,0.7068384555254512,2.4557459227164786,2009,0,False,False,True,False,False,False,False,True
15.536058415061913,944.4579081387475,48.88405694301737,-1.3722001355450981,0.6669284936937068,0.45832732434662166,5.5,0.5416111279733735,2.8900961020785796,2003,0,False,False,False,False,True,False,False,True
17.094434976112403,1123.815708802363,247.26995916301047,2.781087894987513,1.317686675440276,0.2830268167511606,5.7,0.5271745930719971,2.7433927050109674,2015,0,False,False,False,True,False,False,False,True
17.65626395198869,1200.7809071167067,298.4463837163768,-3.281546956151333,1.0848692321079594,0.27943942195278304,5.3,0.7587765531996108,2.2137224330161893,2006,0,False,False,False,True,False,False,True,False
54.014770801250734,1588.8846153846155,167.93880932147687,-8999685.5,2.916301369863014,0.7063287671232876,6.9,0.7142672569893065,1.4821719034698801,2011,1,False,True,False,False,False,False,False,True
11.55152186596237,898.2935931685414,191.3758072575951,-3.749057035832293,1.6827297932891607,0.37212861217305326,5.0,0.6516462173732136,2.047077610666837,2007,0,False,False,True,False,False,True,False,False
9.185031642321666,1491.9564618079341,232.59462300182267,-9.122204433382313,1.3320948577497884,0.3909450521925623,4.9,0.7168543190388705,0.812096815239024,2014,0,False,False,False,False,True,False,False,True
12.664680926113455,1011.3301736841129,123.7187493392771,0.9464394711777773,1.1975302164720558,0.4590434341399109,5.5,0.7913647909664071,2.836365017702014,2003,0,True,False,False,False,False,True,False,False
8.85241725975458,911.3316244880859,94.79368215115203,-6.13241044904245,1.4508273245452206,0.35928576239717014,5.3,0.6261894893577031,0.4973606391053299,2018,0,True,False,False,False,False,True,False,False
17.817427290156296,1092.938021768658,47.409637849933866,5.1779164381148615,1.9020354358188856,0.2469805980102059,0.0,0.8784836580812485,1.8174420580611774,2010,0,False,False,False,False,True,False,False,True
42.4265933579578,4130.450097235899,137.92299333579248,-428857997.811432,2.340054794520548,0.6379452054794521,4.8,0.25319989181437563,4.403069697466933,2005,1,True,False,False,False,False,True,False,False
10.50245430913896,673.2712954832809,138.91482104224173,-8.997319657376947,2.5826161325759824,0.20316634384659046,5.3,0.5539566985576558,1.8956925201472492,2018,0,False,False,True,False,False,True,False,False
12.319281506670714,1077.5423052031686,278.474000952443,-11.664189002621242,1.1912110011402854,0.5064269518946031,4.8,0.7914600351774748,1.595461998123512,2004,0,False,False,True,False,False,True,False,False
10.921572365493713,1107.8631005382501,271.4787649138191,3.9456701257333924,0.924871519296195,0.16544203646758382,5.2,0.7956772159773972,0.2559397038197518,2013,0,False,False,False,True,False,False,False,True
43.613314311,1956.9753011,176.82611254,121028817.33,3.1644931506849314,0.6974246575342465,0.0,0.6323674280979913,1.9052006546763152,2010,1,False,False,False,False,True,False,True,False
20.01733016967773,1275.1666666666667,87.03191248575847,-70919548.33333333,3.1644931506849314,0.6974246575342465,0.0,0.7621905364830319,1.1216310986427414,2010,1,False,False,True,False,False,True,False,False
25.701721191,3675.1142307,195.96568468,-79408443.333,2.916301369863014,0.7063287671232876,6.9,0.2916637047609174,3.879774296427856,2011,1,True,False,False,False,False,False,False,True
49.538972218831375,1497.6666666666667,200.46062215169272,-69599873.33333333,2.916301369863014,0.7063287671232876,6.9,0.75831033272589,1.3773395444038772,2011,1,True,False,False,False,False,True,False,False
25.92536672,4511.8580729,229.46404351,87585783.55599998,2.916301369863014,0.7063287671232876,6.9,0.208275364318317,4.841403363345442,2011,1,True,False,False,False,False,True,False,False
16.02596337390474,614.2718622010134,301.87771736501816,2.9002662422407113,1.7622516127659007,0.28000082064281695,5.7,0.5455500657580834,1.0448912936564012,2015,0,False,False,False,True,False,False,False,True
42.32861010233561,827.3333333333333,129.1144142150879,292678908.0,2.916301369863014,0.7063287671232876,6.9,0.7782392146056405,0.6069579947025373,2011,1,False,True,False,False,False,False,False,True
12.731240039094278,100.0,343.4519259306146,-0.03600022895168301,0.7992370009292198,0.2785485467594261,5.3,0.9672305022950567,1.4667939962649514,2006,0,False,True,False,False,False,False,False,True
38.33606719970703,1605.3333333333333,157.75861104329428,-155998805.16666663,2.916301369863014,0.7063287671232876,6.9,0.7477875312872577,1.5010756162852956,2011,1,True,False,False,False,False,True,False,False
29.79114068723874,745.6310837117587,248.9357844470092,188670571.35660017,2.916301369863014,0.7063287671232876,6.9,0.8251844254922576,0.5130615665410939,2011,1,False,False,True,False,False,False,False,True
25.50920032987408,1443.8921568627452,265.0707469267004,-34905714.881127454,2.0284931506849313,0.6234520547945205,4.5,0.7316914262116908,1.315539111489146,2002,1,False,False,True,False,False,False,False,True
13.58902584600942,267.5080829143718,24.602736791613744,3.143579304001525,1.323926467856592,0.13057517564544674,4.5,0.622010014826119,2.8590508997394077,2002,0,False,False,False,True,False,False,True,False
29.478448656,2048.8919406,161.29719374,35550114.222,2.426065573770492,0.6655737704918033,5.0,0.6312901539863682,2.0108359851308393,2012,1,False,False,True,False,False,False,True,False
19.618420997203025,436.67914761367774,242.85882704983783,-4.090430248052511,1.4087793794183876,0.3234286162388541,4.9,0.5192596598157941,2.302001479935595,2014,0,False,False,True,False,False,False,True,False
13.488801254591987,898.9991187348844,162.61085492340578,-1.1127091795719908,1.7112332142621078,0.301115015725723,5.4,0.5500150110604449,2.9610330309317905,2016,0,False,False,True,False,False,False,False,True
33.85772260030111,1347.8333333333333,160.06318918863934,-12120994.666666666,2.916301369863014,0.7063287671232876,6.9,0.7835162238703057,1.205143370067352,2011,1,False,False,True,False,False,False,False,True
57.3170280456543,1855.0,205.337890625,378480885.33333325,2.916301369863014,0.7063287671232876,6.9,0.8673429341094214,1.7880053928771922,2011,1,True,False,False,False,False,True,False,False
38.664650175,3496.6882867,170.40501912,-111196716.10999998,2.916301369863014,0.7063287671232876,6.9,0.48833466762087574,3.674718023062896,2011,1,True,False,False,False,False,False,False,True
11.03610106380696,1468.9116944347397,115.0800596785961,10.26083074004662,2.3710214197689736,0.4425398090796724,4.6,0.7129638128179286,1.1144085792420166,2019,0,False,True,False,False,False,True,False,False
9.611599270528965,1708.3461124142186,46.817201704009925,-10.716836620686795,1.3442224033998673,0.2531891711670882,6.9,0.5243542181917581,1.1380874641450176,2011,0,False,False,False,False,True,False,True,False
14.272817411498279,177.59730689052674,220.95987077365166,2.750475285138472,1.1600052124392963,0.38856600004692377,5.0,0.7176826759155033,2.2644523645084003,2007,0,False,False,False,False,True,False,False,True
38.22349592049917,917.125,274.72224680582684,-69629964.06770833,2.533753424657534,0.6537534246575343,4.8,0.6750728694493786,0.7101511970649433,2009,1,False,False,True,False,False,False,False,True
41.70797938108444,2692.21875,231.62567138671875,-66554759.765625,2.916301369863014,0.7063287671232876,6.9,0.6703474031472967,2.7501802482685678,2011,1,True,False,False,False,False,False,False,True
61.19998550415039,1331.6666666666667,147.54115804036462,-97438349.33333331,2.916301369863014,0.7063287671232876,6.9,0.8849399739875772,1.1865638050944456,2011,1,False,True,False,False,False,False,False,True
13.787631219186101,626.069695235902,42.35183573735707,6.503686529440079,2.067713761425066,0.2786109012566733,4.6,0.675569031851263,1.045712772286463,2019,0,False,True,False,False,False,True,False,False
6.274112879823097,826.2375382732714,303.0204102280834,-1.468983250703971,1.77813346218805,0.28760706992172574,5.3,0.6532972859835962,1.5055995991152917,2018,0,False,False,True,False,False,False,False,True
52.240517616271966,1999.25,202.5561065673828,-700737696.0,2.426065573770492,0.6655737704918033,5.0,0.6252320418344992,1.9537849133313219,2012,1,False,False,False,False,True,False,False,True
17.917071247695933,455.4465190573025,316.7505638500176,7.42934137758842,0.9162513184968814,0.4144506275273809,4.5,0.30263506850994104,2.7862940030714682,2002,0,False,False,False,False,True,False,True,False
39.65195249474567,1120.3695652173913,253.84988888426,-107671380.88043478,3.1644931506849314,0.6974246575342465,0.0,0.8178274001167984,0.9437303066430869,2010,1,False,False,True,False,False,True,False,False
49.25328750610352,2160.2,326.5500244140625,-37870022.4,4.161890410958905,0.781123287671233,5.3,0.5406079479384911,2.1387569328605567,2018,1,False,False,False,True,False,False,True,False
50.535063426,2005.4629991,108.15418582,266678607.11,2.916301369863014,0.7063287671232876,6.9,0.40497634867835686,1.9609252115037998,2011,1,True,False,False,False,False,True,False,False
42.118277232,2395.97838,182.09759861,-13426933.0,2.916301369863014,0.7063287671232876,6.9,0.6821375753058743,2.4097255759791123,2011,1,True,False,False,False,False,False,False,True
31.76126527555249,1041.9179710802782,168.75905764741844,-47383067.468546025,2.916301369863014,0.7063287671232876,6.9,0.8054193517661637,0.8535696989833808,2011,1,False,True,False,False,False,False,False,True
39.87642153571634,1572.4117647058824,189.028096816119,54423539.647058815,2.340054794520548,0.6379452054794521,4.8,0.6519605609730046,1.4632404560797045,2005,1,False,False,True,False,False,False,False,True
44.7893443637424,1930.3333333333328,106.34857432047527,-131598965.99999999,2.916301369863014,0.7063287671232876,6.9,0.6839801690837828,1.8745823348127972,2011,1,False,False,True,False,False,False,False,True
20.0,1130.797755646927,138.32626324945727,-0.8676591451750817,1.2835239280845825,0.3502810515686123,0.0,0.8114968194314379,2.759939716292102,2010,0,False,False,False,True,False,False,True,False
26.87625503540039,894.5,282.2286376953125,-118438748.0,2.916301369863014,0.7063287671232876,6.9,0.8569469523564968,0.684149383198221,2011,1,False,False,True,False,False,False,False,True
41.952654838562005,1669.3103448275863,117.05185581075735,-56954425.81248316,2.916301369863014,0.7063287671232876,6.9,0.7405981925982379,1.5746012889758028,2011,1,True,False,False,False,False,True,False,False
21.795278509457905,803.7916666666665,240.0092283884684,-28649857.14583333,2.340054794520548,0.6379452054794521,4.8,0.7905280952602931,0.5799027003476606,2005,1,False,False,True,False,False,False,False,True
43.841981676,2192.9752875,199.11069234,45895039.222,2.916301369863014,0.7063287671232876,6.9,0.4731968930137251,2.1764239792695426,2011,1,False,False,True,False,False,False,False,True
15.11399915731961,586.7584300541946,50.74546590783694,9.68194651284455,1.4029336829267116,0.35014618341914827,5.7,0.3902953765061871,1.9605488433864837,2015,0,False,False,False,False,True,False,False,True
55.941456689,2183.3950467,159.46853299,-143593732.0,2.426065573770492,0.6655737704918033,5.0,0.6088089390024919,2.165413873719047,2012,1,True,False,False,False,False,False,False,True
18.942955607220913,1631.9783694762089,121.26258066999718,1.0453461505893271,2.579903865371377,0.33036724439746273,5.3,0.4981252323186367,1.441521286604944,2018,0,False,False,False,False,True,False,True,False
46.970360226,2108.5894911,105.93602159,50513060.667,2.916301369863014,0.7063287671232876,6.9,0.5508037069686584,2.079443481104331,2011,1,True,False,False,False,False,True,False,False
16.401481246266243,968.5438272196006,241.53948170730285,0.3304777982788648,2.2412562683783963,0.4335479221822892,5.4,0.6449095439718672,1.8008841650086014,2016,0,False,True,False,False,False,False,False,True
14.889084454405697,495.10341514816713,341.3189952617192,0.9924265966926604,0.8370771542408095,0.3576988419724893,4.8,0.6266141150501358,1.5607543225438052,2004,0,False,False,True,False,False,True,False,False
16.180305255797617,1186.163189774152,330.55487986419905,12.18884794029865,1.3105634568913305,0.5373020623575457,4.5,0.6906382691296576,0.45347543934358436,2002,0,True,False,False,False,False,False,True,False
26.26879253387451,568.0,106.09371337890624,-245375536.0,2.916301369863014,0.7063287671232876,6.9,0.7648586646971207,0.30891878750828466,2011,1,False,False,True,False,False,False,False,False
10.774651908418319,498.680710264577,290.2305171613647,1.9112746957245943,1.2027271076449706,0.3642092245620345,6.9,0.6879151302531443,0.10476689562610408,2011,0,False,False,False,True,False,False,False,True
31.33259677886963,633.5,139.88107299804688,-183959352.0,2.0284931506849313,0.6234520547945205,4.5,0.8309980659295833,0.3841947569345966,2002,1,False,False,True,False,False,True,False,False
12.194388039614735,940.6191835303555,45.88342539223283,-2.7545559127742685,1.1734289488529956,0.506461974116075,5.0,0.6217771531966348,0.9103913912248175,2012,0,False,True,False,False,False,False,False,True
18.73372989320498,871.7667251325075,35.12250368614791,6.813369311835289,0.663994050660477,0.3747832976874023,4.5,1.0,2.7194195047758787,2002,0,False,True,False,False,False,False,True,False
18.96800208091736,738.75,38.21013927459717,-257220444.0,2.916301369863014,0.7063287671232876,6.9,0.775732674382039,0.5051534711654261,2011,1,False,False,True,False,False,False,False,True
30.109634226018727,1761.0454545454545,207.69474931196729,-153490375.8181818,2.426065573770492,0.6655737704918033,5.0,0.7122812387268361,1.6800279960665143,2012,1,True,False,False,False,False,False,True,False
6.7775262680006065,147.73065303389433,81.41293857237866,16.273236465770633,1.5160174164795222,0.4334228406599549,6.9,1.0,2.3190621178877366,2011,0,False,False,False,True,False,True,False,False
44.987089793,3087.6203885,215.19589572,239678617.33,2.916301369863014,0.7063287671232876,6.9,0.4434684616273669,3.204596151334822,2011,1,True,False,False,False,False,True,False,False
34.02887615582622,885.5460992907801,256.5699056181925,-73825476.62987587,2.0873424657534247,0.6205479452054794,5.3,0.6112044566247643,0.6738590999000003,2006,1,False,False,True,False,False,True,False,False
12.575758995122918,231.60617557088835,201.48784014165835,2.4573753184097025,2.6552176944571704,0.1,4.5,0.5448794501414852,1.203397467929804,2017,0,False,False,True,False,False,False,True,False
11.826483399850549,814.0591525698035,349.0587816653143,1.8724032320422275,1.401602158740942,0.23713770029873046,5.7,0.48697065740773726,0.45991136636995444,2015,0,False,False,False,False,True,True,False,False
8.02848712418239,1307.6708730172516,195.31648922235226,1.0860715482367176,1.358260480273507,0.36643183319010114,5.0,0.7368845240369356,2.4550250719251694,2007,0,False,True,False,False,False,True,False,False
51.30114377525253,647.9713889236388,158.27672756990756,107911165.51238956,2.916301369863014,0.7063287671232876,6.9,0.7976080894856835,0.40082602151737673,2011,1,False,False,True,False,False,False,False,True
12.974264106009235,768.3685009574593,16.60448316086418,8.855479496552771,1.702901434740162,0.32481216921032724,5.2,0.7272647024799644,1.658995414508441,2013,0,False,True,False,False,False,True,False,False
27.01693153381348,2310.8125,246.12389278411865,25513017.875000004,2.426065573770492,0.6655737704918033,5.0,0.5675212749207414,2.3118485656120136,2012,1,True,False,False,False,False,True,False,False
32.422342427571614,698.35,107.15172262191771,-60810041.10416666,2.0873424657534247,0.6205479452054794,5.3,0.6283328882267785,0.45872371292385355,2006,1,False,False,True,False,False,False,False,True
40.304924859,4499.6171875,286.24936591,79620184.111,2.916301369863014,0.7063287671232876,6.9,0.2693432679819889,4.82733550815275,2011,1,True,False,False,False,False,False,False,True
38.142897265298025,2035.071428571429,191.8333293369838,-200134042.35714287,2.426065573770492,0.6655737704918033,5.0,0.5244458507012996,1.9949527417580348,2012,1,False,False,False,True,False,True,False,False
21.512290954589844,2728.0,108.65606689453124,-222487344.0,2.916301369863014,0.7063287671232876,6.9,0.6719063155284208,2.791301901414144,2011,1,True,False,False,False,False,True,False,False
32.503166092766655,1499.8333333333333,175.195499420166,-97280841.49999999,2.340054794520548,0.6379452054794521,4.8,0.8850185901152414,1.3798295891940604,2005,1,False,False,True,False,False,False,False,True
19.688057800370206,697.6474569317874,122.31677777440244,-3.7556302846322276,2.858825143205947,0.3801918263049276,5.3,0.66079558265097,0.28127013038019133,2018,0,False,False,True,False,False,True,False,False
47.129038917,4494.4907769,270.9704149,247823008.44,2.916301369863014,0.7063287671232876,6.9,0.2811734045696407,4.821443973380348,2011,1,True,False,False,False,False,True,False,False
9.595269363709544,1087.1961239664683,159.88597673967058,-1.9957589642518083,2.5101213586987146,0.24009371794283513,4.6,1.0,2.585196802851093,2019,0,True,False,False,False,False,True,False,False
31.94802263,1990.8549262,131.99617852,115464128.44,2.916301369863014,0.7063287671232876,6.9,0.8739721657669415,1.9441368626641395,2011,1,True,False,False,False,False,False,False,False
16.423632108770686,1068.6989164309166,184.20529916934422,6.98424100906664,1.1363047162258781,0.43305079576600874,5.2,0.928447082786493,1.083738865336173,2008,0,False,False,False,True,False,False,False,True
35.795506583,2748.5247396,306.90535482,-260869774.22,2.916301369863014,0.7063287671232876,6.9,0.5896917491780738,2.814889987988382,2011,1,True,False,False,False,False,True,False,False
35.817365223,1056.3858032,242.68657091,174386592.89,2.916301369863014,0.7063287671232876,6.9,0.7103147409178301,0.8701968759041319,2011,1,False,False,True,False,False,False,False,True
20.0,303.4724006289006,33.222525146372604,2.4358222011009594,1.3090854142413408,0.2779585143196162,4.8,0.6510319166423975,0.3525064961741937,2009,0,False,False,False,True,False,False,False,True
9.193165704521707,313.07805765479486,40.29693372775092,6.403672292801973,1.410420845941604,0.512543185915878,4.8,0.7326194998486044,1.6831782465961,2009,0,False,True,False,False,False,False,False,True
26.469086965,1509.9413656,162.36072032,-185124161.78,2.340054794520548,0.6379452054794521,4.8,0.7179293174000281,1.3914462598484998,2005,1,False,False,True,False,False,False,False,True
50.503912184,3033.9969076,120.93289778,-20617848.889,2.606986301369863,0.6875890410958904,5.7,0.6808464322482343,3.1429692886056495,2015,1,True,False,False,False,False,False,False,True
39.744684855,4358.8179253,274.55593194,-2932227.0833,2.916301369863014,0.7063287671232876,6.9,0.25186003879101565,4.6655217530899336,2011,1,True,False,False,False,False,True,False,False
5.905137387319368,661.5662331310368,128.2268329623339,5.055382287755391,1.3076682534247492,0.24325556544534477,5.7,0.5637255412160083,0.6560350304317727,2015,0,False,True,False,False,False,False,False,True
42.10983022054037,2216.333333333333,178.84041341145834,-180480210.66666663,2.916301369863014,0.7063287671232876,6.9,0.41078268213902264,2.203268247116999,2011,1,False,False,True,False,False,False,True,False
3.77111735242341,299.90140075187225,141.47072112430484,9.066706026227745,1.2268138485966038,0.4490708253703516,5.0,0.8839633246800552,2.394724448240382,2012,0,False,False,False,True,False,False,True,False
10.596919919175928,968.8052642827874,158.78597697028215,4.875255476517342,1.2085017571146335,0.43496350017598673,4.5,0.6544542194518213,1.9758279638865048,2002,0,False,False,False,True,False,False,True,False
54.874000884612656,1985.3741613356403,128.53654366994704,-127633953.37954155,2.916301369863014,0.7063287671232876,6.9,0.6352578740331315,1.9378380857425772,2011,1,True,False,False,False,False,True,False,False
33.258218977,1170.4228244,182.76042684,34764303.444,2.916301369863014,0.7063287671232876,6.9,0.7730711653879078,1.001254086916634,2011,1,False,False,True,False,False,False,False,True
40.304924859,4499.6171875,286.24936591,79620184.111,2.0873424657534247,0.6205479452054794,5.3,0.23519215443855113,4.82733550815275,2006,1,True,False,False,False,False,False,False,True
43.408995734,2040.2376573,171.08817546,-70626457.722,3.1644931506849314,0.6974246575342465,0.0,0.4076257380232286,2.0008900375720993,2010,1,False,False,False,False,True,False,True,False
17.690853700689026,527.1862467202743,235.90166748899694,-1.4319593674838829,1.8614378425273805,0.3283588825007411,0.0,0.8008911593173981,2.283261102058398,2010,0,False,False,False,True,False,False,True,False
30.41707801818848,2664.0,91.65997695922852,-68748740.0,2.606986301369863,0.6875890410958904,5.7,0.5272666027740929,2.7177498091502668,2015,1,True,False,False,False,False,True,False,False
57.09408866,1995.1851942,128.66777378,-48373276.333,2.916301369863014,0.7063287671232876,6.9,0.8505907486767714,1.9491134294057542,2011,1,True,False,False,False,False,True,False,False
16.313984928952443,772.4836614260487,251.75353504543332,-1.6803699307501825,2.063259583415732,0.28433152098898884,5.3,0.699740245266159,2.602474941181868,2018,0,False,False,True,False,False,True,False,False
8.880649019949397,1018.0486990355729,300.7728850976379,-0.9145082855760902,1.3305258800990991,0.3341736118596009,6.9,0.642480843136352,1.0676165828377087,2011,0,True,False,False,False,False,True,False,False
17.829568576857003,602.4917689006003,49.50855893412554,8.725082149938942,2.0345272050223184,0.24370333439750047,0.0,0.46308775157604093,0.14170558435404362,2010,0,True,False,False,False,False,False,True,False
43.15246794,3810.2623698,188.71248372,28720740.0,3.1644931506849314,0.6974246575342465,0.0,0.05607899160786346,4.035093490121207,2010,1,True,False,False,False,False,False,False,True
38.57307061282072,1894.4545454545453,137.53947587446734,-23857601.727272727,2.606986301369863,0.6875890410958904,5.7,0.7663062157534202,1.8333485861194119,2015,1,False,False,True,False,False,False,False,True
33.262231004649195,1205.7241379310344,220.42549554232892,-46353344.68965517,2.916301369863014,0.7063287671232876,6.9,0.6076052230246373,1.0418241723833637,2011,1,False,False,True,False,False,False,False,True
28.86240604945592,1382.428571428571,220.63894653320312,-77656026.14285715,2.916301369863014,0.7063287671232876,6.9,0.6250502150096006,1.2449019973215978,2011,1,True,False,False,False,False,True,False,False
45.44174385070801,2090.5,120.7913818359375,-332634672.00000006,2.916301369863014,0.7063287671232876,6.9,0.660579738456838,2.058654107379428,2011,1,True,False,False,False,False,True,False,False
47.463575575,3553.0864529,167.21416558,26463290.667,2.426065573770492,0.6655737704918033,5.0,0.11630059192043136,3.7395336968731447,2012,1,False,False,True,False,False,False,False,True
28.70149397850037,1645.0,48.42273712158203,-41220216.24999999,3.1644931506849314,0.6974246575342465,0.0,0.8999153019858392,1.5466625901363449,2010,1,False,False,False,True,False,False,False,True
36.88251717885336,1247.0,112.23483657836914,202200960.0,2.0873424657534247,0.6205479452054794,5.3,0.8479372398323225,1.089260516370358,2006,1,False,False,True,False,False,False,False,True
11.621145863892732,983.0170544792321,322.90485495247236,-0.35722828549390356,1.30855692162647,0.36892319799059275,5.3,0.8886541333365598,2.0622694409775577,2006,0,False,False,False,False,True,True,False,False
27.789340973,2187.3271213,105.96667226,-62154504.222,3.1644931506849314,0.6974246575342465,0.0,0.5012845514210884,2.169932816121666,2010,1,True,False,False,False,False,True,False,False
10.909480508130287,1052.516513304067,355.7036039949986,-0.8472461874168382,0.6761105873462288,0.28070158026685005,4.8,0.6864438953322337,1.2505896637210352,2004,0,False,False,True,False,False,True,False,False
28.892326037,4600.3950195,267.88892365,368008152.89,4.043369863013698,0.791068493150685,4.5,0.21050791153857196,4.943154576862399,2017,1,True,False,False,False,False,True,False,False
43.8447519938151,1233.0,192.7691192626953,-690239072.0,2.916301369863014,0.7063287671232876,6.9,0.6233203910894954,1.0731709961876348,2011,1,True,False,False,False,False,False,False,True
44.468024784,2038.0648193,259.71700033,236060096.0,2.916301369863014,0.7063287671232876,6.9,0.41544362537499685,1.9983929003681864,2011,1,True,False,False,False,False,True,False,False
36.07163333892822,1227.5,99.42162704467773,178562260.0,2.916301369863014,0.7063287671232876,6.9,0.87076587200387,1.0668501132587078,2011,1,False,False,True,False,False,False,False,True
17.349284172058105,579.5,194.779182434082,-272881352.0,2.916301369863014,0.7063287671232876,6.9,0.732459150412013,0.3221351790869501,2011,1,False,False,True,False,False,False,False,False
14.599361131749918,742.4616916352145,101.67512352714422,2.3336273379605195,1.137940742749548,0.21457199455645182,5.0,0.7555004269315548,2.6266297194560924,2007,0,False,False,False,False,True,False,False,True
42.14139684,3372.5308431,227.49454414,17417922.333,2.916301369863014,0.7063287671232876,6.9,0.6411016230697343,3.5320299020173596,2011,1,True,False,False,False,False,True,False,False
29.320744482676183,1744.6666666666667,200.88952534993487,-127967324.53333332,2.426065573770492,0.6655737704918033,5.0,0.6428975046158507,1.6612046504847788,2012,1,False,False,False,False,True,False,True,False
10.008395469880192,361.8793539720572,264.44805232370874,-0.9271473382653684,0.7742081319541557,0.28660545901065815,4.5,0.6634734316147157,2.269246622428267,2002,0,False,False,False,False,True,True,False,False
19.901162936754105,898.8106574420451,161.58710580289497,-1.5827917613125604,1.618605866340227,0.19826937843215064,0.0,0.9303202674901785,0.43322839574953986,2010,0,False,False,True,False,False,False,True,False
35.137825224,1648.0123562,168.22612847,-203150580.0,2.916301369863014,0.7063287671232876,6.9,0.6902634929450309,1.5501245448418772,2011,1,True,False,False,False,False,True,False,False
15.157231467669689,1475.8761653434894,146.9902833934024,3.3644310815872562,1.3761470545298475,0.3805106733240729,5.3,0.9535014900405641,2.1619027896544525,2018,0,False,False,True,False,False,True,False,False
19.022716870054378,1021.3090755803796,349.9290923387728,3.5653059046330204,0.6196629114769976,0.4890522571601058,4.5,0.6455865200800666,1.2477552710152493,2002,0,False,False,False,True,False,False,False,True
9.989825948273879,1154.5320784246358,243.85943574673806,-1.0257411449893417,0.896869280089393,0.24923993053399685,5.7,0.726667728074344,0.3443666618519682,2015,0,False,False,False,True,False,False,True,False
33.17394764174098,1447.7983614532864,151.94068954752476,48484057.167624205,2.916301369863014,0.7063287671232876,6.9,0.6079533931624865,1.3200283227460998,2011,1,False,False,True,False,False,False,False,True
44.60976219177246,735.0,166.25908660888672,-228238824.0,2.916301369863014,0.7063287671232876,6.9,0.8798185450062039,0.5008437782593395,2011,1,False,True,False,False,False,False,False,True
12.756847372851881,756.7849200842999,297.37405859996585,-2.209840986271045,1.1371291873736549,0.1826515200323885,5.0,0.5533029684186213,1.2560632332178856,2007,0,False,False,False,False,True,False,False,True
31.91167236143543,2322.258064516129,217.92588978428995,-147217067.35080644,2.426065573770492,0.6655737704918033,5.0,0.4136339141024374,2.325002397132365,2012,1,True,False,False,False,False,False,False,True
15.787278746585205,706.8426347051605,250.15765452334531,-8.125179846234541,1.74771938335478,0.3554679408481761,6.9,1.0,0.68366498558997,2011,0,False,True,False,False,False,True,False,False
39.836405648,4147.0401476,141.08329264,65133694.889,2.916301369863014,0.7063287671232876,6.9,0.12243786322844201,4.422135836764475,2011,1,True,False,False,False,False,True,False,False
16.45369041887445,750.7944306572358,193.322695806489,4.116144391734114,1.2518524763647614,0.43870310221329056,5.7,0.7235663041754978,1.5736109841290635,2015,0,True,False,False,False,False,True,False,False
30.96030819515848,430.47618670555977,128.3395390046642,-42370813.381500326,2.916301369863014,0.7063287671232876,6.9,0.43450369121540766,0.15086934682214556,2011,1,False,False,True,False,False,False,False,False
52.558352576,1962.6481527,107.20350732,-17975701.333,2.916301369863014,0.7063287671232876,6.9,0.6523099287014974,1.911720187555729,2011,1,True,False,False,False,False,True,False,False
44.036753337,2350.3981662,141.4130639,-70306499.75,2.916301369863014,0.7063287671232876,6.9,0.5468358280832689,2.357342449559974,2011,1,True,False,False,False,False,True,False,False
47.757174809773765,923.6666666666665,150.95472462972006,29520427.666666668,2.916301369863014,0.7063287671232876,6.9,0.8824394426329576,0.7176692169122276,2011,1,False,False,True,False,False,False,False,True
40.15701432118596,461.4646150639031,136.82284979471555,-10479757.758796263,2.916301369863014,0.7063287671232876,6.9,0.30465438714716514,0.18648284278660526,2011,1,False,False,True,False,False,False,False,True
14.697862032000714,930.0534594527086,77.7925631467107,0.9370994026171824,1.7472253774043365,0.4992017869361055,5.7,0.8658857478875908,2.3851133874137016,2015,0,False,False,False,True,False,False,True,False
10.888026400560788,868.3883886272877,304.89074211188154,-6.222291999189169,1.6795316121448358,0.5143690495252239,6.9,0.717454517704894,0.5151679376524597,2011,0,False,False,True,False,False,False,False,True
42.543979221,969.87653944,180.83039008,-39642329.583,2.533753424657534,0.6537534246575343,4.8,0.8722699421778279,0.7707759798142002,2009,1,False,False,False,True,False,False,True,False
40.624218835,3792.888916,161.06774055,-109272464.89,2.916301369863014,0.7063287671232876,6.9,0.17783559971523444,4.015127023295586,2011,1,True,False,False,False,False,False,False,False
18.77422586186625,581.0038572004757,12.018096643097241,0.8606068616772155,0.7763590110410257,0.5605834825348488,5.0,0.7560652642140241,1.4594906534696939,2012,0,False,False,False,False,True,False,False,True
11.14043314464121,724.3674123352507,294.93183775372603,0.7569884394660366,1.3767542596000666,0.4335434088215865,5.5,0.39898319683502775,1.4571433411863257,2003,0,False,False,False,False,True,False,False,True
35.14136490455041,1464.076923076923,199.62521244929388,-47409576.85576923,4.043369863013698,0.791068493150685,4.5,0.8087922618281094,1.3387364831596147,2017,1,False,False,True,False,False,False,False,True
2.237565634946588,581.1618810451595,348.39211575722,3.3897189247633657,1.430728842078541,0.31955902536621883,4.8,0.6665260548728663,1.8748247368824205,2004,0,True,False,False,False,False,True,False,False
2.4066262148409123,702.3200659230287,285.01929333408475,0.6662861693063886,1.443488287413096,0.4985219241012726,4.8,0.8254334405232293,1.4928533504949317,2009,0,False,True,False,False,False,True,False,False
47.583229064941406,2538.875,193.15856170654297,253439792.0,2.916301369863014,0.7063287671232876,6.9,0.6889667618321833,2.5739497225171784,2011,1,True,False,False,False,False,True,False,False
49.94853101457869,2611.857142857142,150.1622379847935,53482594.58928572,2.916301369863014,0.7063287671232876,6.9,0.5888195914405787,2.6578245554084905,2011,1,True,False,False,False,False,True,False,False
15.183157422064076,600.2811041712012,265.7048844018662,-4.151275945185953,0.8015640118459886,0.2572066040062279,5.3,0.8095490508884993,0.8528495227545877,2006,0,True,False,False,False,False,True,False,False
15.64771383317907,559.2451155195066,273.44966764126747,-0.8694332079458393,2.6799641535392147,0.4432290085066279,5.3,0.7491791711126163,0.28307673670310274,2018,0,True,False,False,False,False,False,True,False
45.454026116,4545.7160373,245.09909566,-34468800.0,2.916301369863014,0.7063287671232876,6.9,0.13987278780493878,4.880314677742565,2011,1,True,False,False,False,False,False,False,True
8.419719396330027,1192.427461469881,81.62293785246383,0.5067835577327569,2.553584214391675,0.39626661368198873,4.5,0.7524696590880433,2.46370909195984,2017,0,False,True,False,False,False,False,True,False
43.248066604501766,1188.3018755379464,151.16367401882712,33433024.404569343,2.916301369863014,0.7063287671232876,6.9,0.8431659992345499,1.0218016122117717,2011,1,False,True,False,False,False,False,False,True
44.364261203,4419.4814996,24.931606081,-197332012.0,2.606986301369863,0.6875890410958904,5.7,0.18920031561458756,4.735239453308217,2015,1,True,False,False,False,False,False,False,True
36.97314357757568,1614.5,137.5032730102539,335515552.0,2.340054794520548,0.6379452054794521,4.8,0.7474847625350497,1.5116104211668406,2005,1,False,False,True,False,False,False,False,True
8.289901292215108,982.0370947638581,37.89330667092446,0.8600784950792677,1.6207701127321488,0.36868043924776533,4.8,0.5665972010381188,0.40776419792388696,2009,0,False,True,False,False,False,False,False,True
0.3766036375676549,1113.6132721860415,273.3663692709407,3.228077370848685,1.5775531837015313,0.30855102741274304,5.0,0.5494508182492296,1.3494889986085852,2007,0,False,False,False,False,True,False,False,True
53.379837884,1992.7191569,117.67429352,248399955.56,2.916301369863014,0.7063287671232876,6.9,0.6962340194915208,1.9462793324836325,2011,1,True,False,False,False,False,True,False,False
44.323433346,4363.8055013,318.59216309,64902856.0,2.916301369863014,0.7063287671232876,6.9,0.052299262904157415,4.671253731998139,2011,1,True,False,False,False,False,True,False,False
6.770436655714509,926.6968235217751,272.69347852419025,-3.579584253792664,1.0081373933840554,0.24201608462114807,4.8,0.8791845146776193,2.8824693305706948,2005,0,True,False,False,False,False,False,True,False
18.037960852151308,957.9302977630805,270.262622519765,8.629538851761872,1.3234259422690573,0.3520545378887715,5.5,0.5096791138636716,1.3916876112067817,2003,0,False,False,False,False,True,False,True,False
38.658762614,4521.2407227,226.71680535,80584747.472,2.916301369863014,0.7063287671232876,6.9,0.23148891971755986,4.8521863871543385,2011,1,True,False,False,False,False,True,False,False
24.15366141,4402.3425564,263.85192193,192362742.58,2.916301369863014,0.7063287671232876,6.9,0.07536788571650803,4.715542498127721,2011,1,True,False,False,False,False,True,False,False
41.326343154907214,1199.4,95.54293823242189,-101232264.8,2.916301369863014,0.7063287671232876,6.9,0.8260134555776825,1.0345561477490992,2011,1,True,False,False,False,False,True,False,False
25.289329105,4615.6975911,183.10639275,207836527.89,2.0873424657534247,0.6205479452054794,5.3,0.1144854069287889,4.960741079334239,2006,1,True,False,False,False,False,True,False,False
11.408382886595048,1118.4835233810086,140.66221162090076,2.4298114146363554,2.967996482126221,0.2496887983960021,4.6,0.5958267570958504,0.9393785954078039,2019,0,False,True,False,False,False,False,False,True
30.773349126,4601.6142036,310.79803467,89942385.77799998,4.043369863013698,0.791068493150685,4.5,0.07836838031014727,4.944555725946928,2017,1,True,False,False,False,False,True,False,False
47.626317626551575,1712.3684210526314,212.21943825169612,-187086323.36842105,2.426065573770492,0.6655737704918033,5.0,0.7052745037656236,1.6240858451509523,2012,1,False,False,False,False,True,False,True,False
7.656964053671979,343.1493826815306,220.85032991010345,-7.963005421718043,1.2585224537048907,0.4129914862046294,5.0,0.7564482665546773,1.4838802303120877,2012,0,False,False,True,False,False,True,False,False
3.972282966794598,602.4960230558175,82.25522883171747,4.800692532398731,0.8657512094410243,0.32298232792560255,5.7,0.6172658786613985,1.878140542198752,2015,0,False,False,False,True,False,False,True,False
14.517145413009388,1093.9574013897354,31.752613364353447,6.239479790539603,1.0706260954313824,0.4912447401591421,4.5,0.7214122504067435,2.132510527463743,2002,0,False,False,True,False,False,False,True,False
18.15080656728573,997.353320164609,106.7363212619935,-4.835341217360353,1.0142797048169712,0.4881783897451939,4.8,0.5301575866784078,0.19647711639113943,2005,0,False,True,False,False,False,False,True,False
16.97928764359247,177.3536116812786,324.46656387887356,0.7479873903677691,2.7108176555532646,0.4300748021323299,5.4,0.8465977774096494,1.4746181712504909,2016,0,False,False,False,True,False,True,False,False
32.941436344,4533.0895725,157.95101081,37954517.667,2.916301369863014,0.7063287671232876,6.9,0.254305550050304,4.865803694868563,2011,1,True,False,False,False,False,True,False,False
43.266841888,913.63579644,181.30348036,151673248.22,2.916301369863014,0.7063287671232876,6.9,0.7525712073494109,0.7061412248434972,2011,1,False,False,False,True,False,False,True,False
4.869372336653515,750.484164875632,170.26968459438365,-0.14717365454745476,2.1675281192001252,0.2768457430380342,5.4,0.6386325079517122,2.128829945768232,2016,0,False,False,True,False,False,True,False,False
36.908766429,2665.2993435,228.05510966,128966655.56,2.916301369863014,0.7063287671232876,6.9,0.4969608796062266,2.719243081540805,2011,1,True,False,False,False,False,True,False,False
42.504950629,2535.8796115,210.64685906,10312915.444,2.916301369863014,0.7063287671232876,6.9,0.6828729111737557,2.570507267965332,2011,1,True,False,False,False,False,True,False,False
25.788259744644165,353.83333333333326,171.94123077392578,-174840002.66666663,2.916301369863014,0.7063287671232876,6.9,0.4579236285589108,0.06278743709400768,2011,1,False,False,True,False,False,False,False,False
32.310852051,4415.398112,241.59060838,199083442.67,2.916301369863014,0.7063287671232876,6.9,0.07429412344269214,4.730546614222211,2011,1,True,False,False,False,False,False,False,True
13.511994221191124,1114.787826221998,285.3077011066509,-3.3681157051670123,1.167336454353467,0.5185665424892018,5.0,0.7712907210957984,2.7929309564388514,2012,0,True,False,False,False,False,False,True,False
0.0,147.3996714463342,10.571097276861234,-3.2845530024873697,2.1995247512743443,0.3283244983513828,0.0,0.7184659126881413,0.262869828719608,2010,0,False,True,False,False,False,True,False,False
15.200949118535618,1282.3707230466352,349.4758343309219,-0.7392849992186528,0.8211745168967206,0.36293175981501263,4.8,0.6603077944941805,1.3968829934276703,2004,0,False,False,False,True,False,True,False,False
7.584213774517615,1115.72624474184,303.7454375064207,-4.019885368203683,1.4011639375814908,0.40747012616653483,5.2,0.40725892096897703,1.1916033913100126,2008,0,False,False,False,True,False,False,False,True
51.036560059,1422.3302409,153.29155138,-96142108.778,2.916301369863014,0.7063287671232876,6.9,0.8428083466435541,1.2907590484848053,2011,1,False,True,False,False,False,False,False,True
14.41946158620945,858.3846438852601,88.88667360033081,-1.5147776899215866,1.0431522402963593,0.31910924683942316,4.8,0.8177687831013439,1.8809862109438025,2004,0,False,False,True,False,False,False,True,False
11.564455783188052,1390.4584442880264,323.58505974488907,-4.040967925252109,1.2016423066654578,0.28523678864114593,5.5,0.7693019964893927,2.275756302853215,2003,0,False,False,False,True,False,False,False,True
41.74630483,1285.5123291,174.62932671,-6697967.0,2.533753424657534,0.6537534246575343,4.8,0.6880775532793479,1.1335208661087954,2009,1,False,True,False,False,False,False,False,True
12.510644604355168,1172.7104389634824,9.783005792703898,-4.74222436378068,0.7648151753479131,0.24426671828252694,5.0,0.43603611697335604,1.030101120933877,2007,0,False,True,False,False,False,False,True,False
1.2150967765016354,1451.7293346472104,20.78677867290256,0.19363510184805852,1.452172301483237,0.269903240310402,5.7,0.9076486627231374,2.151536197969604,2015,0,False,True,False,False,False,False,True,False
14.72333722159195,635.1710177264841,302.2059274202761,1.1582400774199142,1.182025981795144,0.22670636460091695,5.0,0.679549247947827,0.8745175216233639,2007,0,False,False,False,True,False,False,False,True
33.283568382263184,834.5,174.84452056884763,-423001856.0,2.916301369863014,0.7063287671232876,6.9,0.7877579747142709,0.6151942967008361,2011,1,False,False,True,False,False,False,False,True
14.533673312434189,511.1274768292111,148.59400653576938,0.8824365518131266,1.9550056836047702,0.23434640151622704,0.0,0.5532315619901189,2.0476044545228853,2010,0,False,True,False,False,False,False,True,False
19.38084577464896,624.9010382716507,294.2364512448318,-16151118.668894915,2.916301369863014,0.7063287671232876,6.9,0.8663112548274899,0.3743123877718294,2011,1,False,False,True,False,False,False,False,False
15.20451924704618,257.097907669288,91.55591322419401,4.292565767237486,1.4473510998988086,0.16476729009842392,5.7,0.6818354967301309,1.637181119650024,2015,0,False,False,True,False,False,True,False,False
40.383285522,1080.8549262,341.55588108,80084028.52799998,2.0873424657534247,0.6205479452054794,5.3,0.8266653415629146,0.8983180507871342,2006,1,False,False,True,False,False,True,False,False
44.812948015,960.74382867,330.40676202,155506752.0,4.043369863013698,0.791068493150685,4.5,0.7481386789093172,0.7602801987958513,2017,1,False,False,True,False,False,False,True,False
15.086949048601626,2056.7867909151196,197.58191641922113,-9.624058389813332,1.24419084233642,0.2111815289825793,5.3,0.8861319358070354,2.4056682510577803,2006,0,True,False,False,False,False,True,False,False
43.58614158630371,818.9090909090908,159.24792896617544,-94058791.63636361,2.916301369863014,0.7063287671232876,6.9,0.7123837843879414,0.5972764219518943,2011,1,False,False,True,False,False,False,False,True
6.057566390367839,603.2106523443521,341.6803715121986,-3.9857136220328364,1.8387479927391657,0.3967826725235958,0.0,0.8232181643880108,0.4521032259644192,2010,0,True,False,False,False,False,False,False,True
13.571018664752254,607.1812820687132,128.150414566147,1.90919530420492,1.2638672902856547,0.49075264575383715,5.5,0.5734148819631847,2.7859950854646005,2003,0,False,False,False,False,True,True,False,False
31.2673285550709,2122.5696202531644,206.5623258759704,-55612634.962025315,2.0284931506849313,0.6234520547945205,4.5,0.5366970258357139,2.095510164687682,2002,1,True,False,False,False,False,False,False,True
48.767772144741485,1650.222222222222,154.85581164889865,-142559889.2222222,2.916301369863014,0.7063287671232876,6.9,0.8507940361536618,1.5526642365537093,2011,1,False,False,True,False,False,False,False,True
13.87292554725489,376.24314781202247,70.41933829602542,2.351611552641449,1.7009782860473122,0.24307783347102405,5.4,0.7649673945809666,1.912441270290502,2016,0,False,False,True,False,False,False,False,True
29.196889877319336,1781.5,56.891483306884766,-141838568.0,2.916301369863014,0.7063287671232876,6.9,0.6169126489952781,1.7035354119178956,2011,1,False,False,False,True,False,True,False,False
25.621781667073567,1406.6,104.09564870198568,-99551303.73333332,3.1644931506849314,0.6974246575342465,0.0,0.7750968335552616,1.2726810464534015,2010,1,True,False,False,False,False,False,False,True
35.269365221627915,524.5920097499037,135.09843497745393,340931845.4961282,2.916301369863014,0.7063287671232876,6.9,0.6879632315094193,0.2590320921354008,2011,1,False,False,True,False,False,False,False,False
0.0,592.0586433804984,116.28403141903698,-5.170505947284654,1.4345080856507706,0.35383005875224244,0.0,0.6528004573979829,2.6041053642704344,2010,0,False,False,True,False,False,True,False,False
33.49731085,2585.0616591,261.59880405,-18752487.111,3.1644931506849314,0.6974246575342465,0.0,0.5909231233791341,2.627029807071607,2010,1,True,False,False,False,False,False,True,False
32.79816780090332,1592.2666666666667,219.0340321858724,-74064784.49166667,2.340054794520548,0.6379452054794521,4.8,0.7420415312341697,1.4860587307814208,2005,1,False,False,True,False,False,False,False,True
44.361897363,3838.3796658,20.615549511,127298131.22,2.916301369863014,0.7063287671232876,6.9,0.20835093912760588,4.067407333083751,2011,1,True,False,False,False,False,True,False,False
23.501293808220368,1846.4599818223555,127.54866316050555,-119452069.24981728,2.916301369863014,0.7063287671232876,6.9,0.7128778756592747,1.778190764675047,2011,1,True,False,False,False,False,True,False,False
31.407487819069303,647.5789473684209,203.50866859837583,-142257145.0,2.533753424657534,0.6537534246575343,4.8,0.8887945244033775,0.4003750074942899,2009,1,False,False,True,False,False,False,False,True
9.952723775108979,457.7954568086987,327.6484692415683,-0.5448804614767464,1.3018187445077607,0.2623069549216345,0.0,0.8922988379641457,1.791070688013321,2010,0,False,False,False,False,True,True,False,False
12.14298388359172,1330.7237680167964,191.69737179737277,0.4608975481824358,1.623206973887573,0.35990690759234095,5.3,0.8554287241587866,2.6816862032077355,2018,0,False,False,True,False,False,True,False,False
15.76437838806985,1170.68839910861,255.9184980056349,-0.20259175017895992,0.7693394745777845,0.34108768704667664,5.3,0.5890424773746159,0.6593246491998813,2006,0,False,False,False,True,False,True,False,False
10.20281362987549,100.0,44.07620340921877,9.003293149817832,0.8787715277640733,0.35742792440828486,4.5,0.22182827859397847,2.1160436520091905,2002,0,False,False,False,False,True,True,False,False
38.23619597666973,1299.3243243243244,163.81105742583404,-146413120.04054055,2.916301369863014,0.7063287671232876,6.9,0.7854654189948783,1.1493943215320415,2011,1,False,False,False,False,True,False,False,True
17.375414105179814,1042.2159112321615,214.67574678973259,3.2876220674255525,1.511358206944985,0.2737717492002685,5.0,0.5870223813394501,0.6862332577532851,2007,0,False,True,False,False,False,False,False,True
8.089521573637658,1019.4119434139096,23.216857649700312,-7.761887307925307,1.0714559674995343,0.2794962519860339,4.9,0.5846034963262098,2.4428103724835455,2014,0,False,False,False,False,True,False,False,True
33.64648723602295,1051.0,159.27640533447268,-39957358.0,4.043369863013698,0.791068493150685,4.5,0.7566729780164413,0.8640072338122335,2017,1,False,False,True,False,False,True,False,False
51.34667441958473,1396.2380952380952,200.77502296084447,-160423216.0952381,2.916301369863014,0.7063287671232876,6.9,0.6743192968503472,1.2607726124678218,2011,1,False,False,True,False,False,False,False,True
21.450714005,4649.54324,162.3387129,216277130.22,2.916301369863014,0.7063287671232876,6.9,0.21499601150854475,4.9996382401252335,2011,1,True,False,False,False,False,True,False,False
9.906475795967754,513.2535118569635,237.4665719021072,7.129682907395576,1.9393372484706906,0.34039725946806465,4.5,0.6792922225041433,0.8063562650074325,2017,0,False,False,False,False,True,True,False,False
32.658522235022645,559.2222222222222,164.11668904622397,-114480509.0,2.916301369863014,0.7063287671232876,6.9,0.7129390100634149,0.2988309137429264,2011,1,False,True,False,False,False,False,False,True
9.29050437805726,560.6025533134657,26.72671427581912,1.778964874638311,1.0631768231328447,0.14393014853360855,5.0,0.6696397017052983,0.7493813046101095,2007,0,False,False,False,False,True,True,False,False
31.350111007690433,431.5,171.8384017944336,-78839724.0,2.916301369863014,0.7063287671232876,6.9,0.4689750621938909,0.15204596572673387,2011,1,False,False,True,False,False,False,False,True
39.986954159,4522.6388889,95.556522793,98050225.278,2.606986301369863,0.6875890410958904,5.7,0.24957379474169378,4.853793231675317,2015,1,True,False,False,False,False,False,False,False
6.463402433268442,651.7974793241924,162.21492683392825,2.732613154860197,0.9861433447008846,0.3689696931217662,6.9,0.4076153075252102,0.801330766704524,2011,0,False,False,False,True,False,False,False,True
7.044098451949751,506.79757468934355,122.54610360584329,1.489474582393449,1.1671227376484892,0.3828760300342845,5.0,0.7408773738731365,1.0840362234015621,2007,0,False,False,True,False,False,True,False,False
36.590758642,3921.8178711,142.85241191,-24976031.944,3.1644931506849314,0.6974246575342465,0.0,0.28207964064693136,4.163298810811218,2010,1,True,False,False,False,False,False,False,True
37.232785967,1846.0216064,135.10415904,52229090.889,2.916301369863014,0.7063287671232876,6.9,0.6559555531199562,1.777686961088933,2011,1,True,False,False,False,False,True,False,False
14.196513788407355,456.7577820927226,24.258439722788108,6.551923510849855,1.6389058527230391,0.2516067116889942,5.7,0.6723642940831746,0.7280796383189985,2015,0,True,False,False,False,False,True,False,False
11.900591948555675,1093.1900717045924,113.06188619738352,0.9481406165272627,1.6932093640541328,0.26230074054894476,5.7,0.40055856026928754,2.620607086468953,2015,0,False,True,False,False,False,False,True,False
26.942538059933085,513.9859154929577,132.2472245122345,-102868724.46478872,2.916301369863014,0.7063287671232876,6.9,0.6208083902625496,0.24684302302061528,2011,1,False,False,True,False,False,False,False,True
27.728068882,2973.8364258,281.91321818,40624351.444,2.916301369863014,0.7063287671232876,6.9,0.5103349398157759,3.0738297681682596,2011,1,True,False,False,False,False,True,False,False
20.0,529.0097372011348,189.29253559439655,2.955543067692714,1.8278416450727015,0.40381329645684655,5.2,0.6182335014664994,1.8440138049968338,2013,0,False,False,False,True,False,False,False,True
32.13572629292806,1910.6666666666667,34.69739786783854,-109437522.66666669,2.916301369863014,0.7063287671232876,6.9,0.8670016025452699,1.8519803897942104,2011,1,False,False,True,False,False,False,True,False
29.158815135126527,763.5217391304349,179.320440541143,59196505.2173913,2.916301369863014,0.7063287671232876,6.9,0.7636850367947805,0.5336224280725892,2011,1,False,False,True,False,False,False,False,True
5.875324749055239,322.56123587160175,327.84356859665024,2.0823072237807034,1.5918146804795354,0.2792883995367721,5.7,0.8767342139323843,2.5256206766583547,2015,0,False,True,False,False,False,True,False,False
17.115706023436132,1184.879741838047,10.680560303306335,1.5300719900894821,1.292008552018467,0.32466696688450536,4.5,0.8367647984263004,2.491940149141509,2002,0,False,False,True,False,False,False,False,True
45.44857549023245,1479.592181772694,174.2297572599364,-329673612.37946683,2.916301369863014,0.7063287671232876,6.9,0.725880018728337,1.3565674165828845,2011,1,False,False,True,False,False,False,False,True
28.523429977,4594.7222765,325.66144138,147376255.11,2.426065573770492,0.6655737704918033,5.0,0.13526658776256462,4.936635168791692,2012,1,True,False,False,False,False,True,False,False
13.395152127312695,522.9353768679589,84.61339732937704,-2.3520444626571058,2.7091341071632664,0.2527079114008753,4.5,0.7212641553367836,1.132669946982623,2017,0,False,True,False,False,False,False,False,True
37.504195743,4288.7840169,279.95441013,-53360038.222,3.1644931506849314,0.6974246575342465,0.0,0.09020201285437467,4.585035182898735,2010,1,True,False,False,False,False,True,False,False
17.193477419,4133.2345378,153.98754671,264193809.78,2.916301369863014,0.7063287671232876,6.9,0.23662285127950605,4.40626971979934,2011,1,True,False,False,False,False,True,False,False
14.6106017862754,1189.704888851523,259.7016423982638,3.0751509688615957,2.580092622476126,0.43969744386204745,5.4,0.54920409647778,1.4702947841767973,2016,0,True,False,False,False,False,True,False,False
36.801191329956055,1005.5,190.28897857666013,-216361724.0,2.916301369863014,0.7063287671232876,6.9,0.8090211496092452,0.8117162932183832,2011,1,False,False,True,False,False,False,False,True
36.270374298095696,819.5,244.26932525634763,-297002592.0,2.0873424657534247,0.6205479452054794,5.3,0.7067918035953784,0.59795552507649,2006,1,False,False,True,False,False,False,False,True
39.287769741,1268.5740831,122.18128798,-30766613.556,2.916301369863014,0.7063287671232876,6.9,0.8282355145850693,1.1140545624747291,2011,1,False,False,True,False,False,False,True,False
17.857902634412554,292.1240051707571,13.67336278434725,-0.13644969819850383,2.006645847338832,0.2763198294678621,5.2,0.9889311344098866,1.4985946002364763,2013,0,False,False,False,True,False,False,True,False
12.633965798402349,1528.3121506861426,310.315287025538,-4.157509714780484,1.1649166913249795,0.3693373173825456,4.9,0.7016386728360332,0.8755043075691121,2014,0,False,False,False,True,False,True,False,False
7.558946222763761,973.2482138708774,139.46133084071735,-3.022458043900242,1.1340120141501158,0.32281796967203463,4.8,0.43688716559959684,2.6306150679090994,2005,0,False,False,False,True,False,True,False,False
40.802028005773366,3144.9772727272725,278.55012625455856,-105430572.95454544,4.043369863013698,0.791068493150685,4.5,0.4842889568776691,3.270513633220023,2017,1,True,False,False,False,False,False,False,True
18.739278906645183,140.36706642631088,358.9481365493982,2.618855549164469,1.529322250340124,0.38938875948105783,5.2,0.4977769638972601,0.48363504818801084,2013,0,True,False,False,False,False,True,False,False
33.451516469,4577.2068142,209.40326267,71175740.667,2.340054794520548,0.6379452054794521,4.8,0.21240822476180365,4.916505498492722,2005,1,True,False,False,False,False,True,False,False
38.61987628539404,299.2,188.61660410563152,-193559896.0,2.916301369863014,0.7063287671232876,6.9,0.32015560027548534,0.0,2011,1,False,False,True,False,False,False,False,True
12.457928693468816,778.8560182834799,243.15127471695212,5.273331560215929,1.0513783413552122,0.3646641284297462,4.8,0.4399924206917628,2.0975504604109623,2005,0,False,False,False,True,False,False,False,True
41.066450119,4295.5463325,199.3560418,62487547.778,2.916301369863014,0.7063287671232876,6.9,0.051265395961554674,4.592806783850746,2011,1,True,False,False,False,False,True,False,False
55.93696327209473,692.8,142.80075225830075,-160127793.5,2.606986301369863,0.6875890410958904,5.7,0.7647679994118362,0.4523453674228453,2015,1,False,False,True,False,False,False,False,True
9.629272094382717,707.7198347218088,161.94319487012132,-3.625665467581806,0.9144479968241958,0.2583182158259485,5.3,0.5209686588347453,2.7219925224767527,2006,0,False,False,False,True,False,False,False,True
4.2776775319676625,1471.9166740335831,196.3372036385889,2.430638450436579,1.34678133063307,0.2529247712436898,4.8,0.5966751408513115,1.527850680206915,2009,0,False,False,True,False,False,False,False,True
1.9404099839811426,900.6284339329278,46.73752162261833,7.785492703121037,1.9102213925083191,0.3670531860387999,5.3,0.6509019705587715,2.9868750418057615,2018,0,False,False,False,False,True,True,False,False
6.672181375674872,239.9179826523564,11.13755210328311,1.532049274926064,1.9774922639345693,0.3557774364013513,5.4,0.8373978033918692,0.9972971051242886,2016,0,False,False,False,True,False,True,False,False
41.7779949506124,2266.083333333333,145.39652379353842,-22321402.0,2.916301369863014,0.7063287671232876,6.9,0.6883571691471742,2.2604435063377473,2011,1,False,False,True,False,False,False,False,True
48.13714831215994,853.5714285714284,189.57522583007807,-259098028.28571427,2.916301369863014,0.7063287671232876,6.9,0.6957940912771244,0.637112163480362,2011,1,False,False,True,False,False,False,False,True
16.87425142348065,160.91523209063644,6.480032020277395,-1.3775514523420047,1.0118129441248012,0.3678590517392803,5.3,0.7374376842683753,0.2093234022530731,2006,0,False,False,True,False,False,False,True,False
49.283426921,3180.8271213,139.59224447,11152936.889,2.916301369863014,0.7063287671232876,6.9,0.48423170873225674,3.311714123374199,2011,1,True,False,False,False,False,False,False,True
13.715545414758793,1141.7842507178777,215.5709866980569,0.8985922654922461,0.9524966513137113,0.3196240218480225,4.8,0.8362504241621641,2.9347391488057903,2005,0,True,False,False,False,False,False,False,True
10.99604066979633,864.5759453150795,258.86788104738804,1.708644573702173,1.3035766975795335,0.48658177525620483,5.7,0.8809720233122581,0.4983490633091553,2015,0,False,True,False,False,False,False,False,True
9.05010704792778,664.4561319602562,304.9702162897626,-6.976668631263979,1.0719874694794476,0.21332682665170935,4.5,0.6702679152336759,0.4272452428325021,2002,0,False,True,False,False,False,False,True,False
12.94860441779029,597.0668898445816,191.27394740450129,3.178647680786544,1.1931069964666556,0.4201292326752233,5.3,0.9540326186073033,1.0124238359120765,2006,0,False,False,False,False,True,False,False,True
30.990553379058834,1756.25,106.28533744812012,-153718836.0,2.916301369863014,0.7063287671232876,6.9,0.7947630906348191,1.6745168130169128,2011,1,True,False,False,False,False,True,False,False
55.23113479614258,1116.2,178.3089050292969,-158256259.2,2.916301369863014,0.7063287671232876,6.9,0.7164509778619566,0.9389384278060586,2011,1,False,False,True,False,False,False,False,True
20.0,370.6129289042191,268.50961390572434,-1.336280572115133,2.221616760978486,0.31332684519609805,5.3,0.5428266918808462,0.26619989903041175,2018,0,False,False,False,True,False,True,False,False
35.73395309448242,775.7,164.48758087158203,-112607227.2,3.1644931506849314,0.6974246575342465,0.0,0.8263628622254047,0.547618311933399,2010,1,False,False,True,False,False,False,False,True
7.595683217048646,605.0,87.01820755004883,-219960448.0,2.916301369863014,0.7063287671232876,6.9,0.6079100923491756,0.35144109084833874,2011,1,False,True,False,False,False,False,False,True
20.97171401977539,1324.5,69.18088150024414,1442812.0000000002,2.916301369863014,0.7063287671232876,6.9,0.7515757117343571,1.1783275030961466,2011,1,False,False,True,False,False,False,False,True
32.171006774902345,3567.4,208.2861328125,19150172.0,2.606986301369863,0.6875890410958904,5.7,0.2965002659557177,3.755983561512559,2015,1,True,False,False,False,False,True,False,False
39.279401143,3748.7932129,333.71710205,-121882096.21999995,2.916301369863014,0.7063287671232876,6.9,0.14090740059482348,3.964449972938527,2011,1,True,False,False,False,False,True,False,False
22.18493039267404,1794.2857142857142,178.95110212053572,-18514281.42857143,2.426065573770492,0.6655737704918033,5.0,0.8959918735503527,1.7182294124929334,2012,1,True,False,False,False,False,False,True,False
50.314683278401695,1847.3333333333328,113.00990041097003,-18639486.666666668,2.916301369863014,0.7063287671232876,6.9,0.7750106295291479,1.7791944651580813,2011,1,True,False,False,False,False,True,False,False
12.271594432271183,809.9409352978577,60.16752412963965,-4.169175917199011,1.2891418211118437,0.410730736336004,4.8,0.5558805308743634,2.4844615264733307,2004,0,False,False,False,False,True,False,True,False
44.58419545491537,960.6666666666665,156.4887440999349,-68398060.33333333,2.916301369863014,0.7063287671232876,6.9,0.6488803281244289,0.7601915202522815,2011,1,False,False,True,False,False,False,False,True
52.65362548828125,1049.5,149.2694320678711,229678472.0,2.916301369863014,0.7063287671232876,6.9,0.762793390412273,0.8622833566497989,2011,1,False,False,True,False,False,False,True,False
13.560397094098345,241.34845768470893,184.64486981299112,0.1843740209317299,0.8275518494526718,0.5581269628766723,4.8,0.7068424643982315,2.191283836334789,2009,0,True,False,False,False,False,True,False,False
20.0,282.5765443330806,197.8501164199717,2.2071074974546274,1.059070443539418,0.5050249672772167,5.0,0.651485360567647,1.6819219874350235,2007,0,False,False,False,True,False,False,False,True
38.298570633,4504.1017795,296.99116855,132714646.33,2.916301369863014,0.7063287671232876,6.9,0.24496888646440595,4.8324894319738405,2011,1,True,False,False,False,False,True,False,False
39.447432624,2877.0493978,153.32406616,334671492.44,2.916301369863014,0.7063287671232876,6.9,0.47186856720009174,2.962597136708846,2011,1,True,False,False,False,False,True,False,False
18.91452217232399,646.3871288479438,344.0968141394708,1.8886383116081775,2.5217742567157955,0.4075338864115584,5.3,0.8027264105997363,1.3762061176928455,2018,0,False,True,False,False,False,False,True,False
36.17552681224844,1255.9155679873031,155.60582234164397,-320230702.7497719,2.916301369863014,0.7063287671232876,6.9,0.7927257834618947,1.0995067457326544,2011,1,False,False,True,False,False,False,False,True
29.017332501,4649.160536,229.83143785,151625781.78,2.916301369863014,0.7063287671232876,6.9,0.2751045142908326,4.9991984170015185,2011,1,True,False,False,False,False,True,False,False
5.999150017991954,813.2108171863189,220.6440579103017,-0.39308819270742645,1.1527978903741976,0.4136409546420714,5.3,0.594587833495092,1.0388193942702286,2006,0,False,False,True,False,False,True,False,False
10.82271638897653,593.4975936251492,151.71985496852906,4.570109796091023,1.0900125603082944,0.20655346581503128,4.8,0.8156270916112868,2.4433966696364657,2005,0,True,False,False,False,False,True,False,False
3.8689114270563003,327.68717493986435,274.28645524766955,-4.120294207695059,1.5164982859539295,0.2835130457376019,5.0,0.5405834758800753,1.3932710807670952,2012,0,False,True,False,False,False,False,False,True
12.772036384808459,502.6839988140133,356.0502090060626,2.8314043985868524,2.646950856371229,0.352780291573994,4.6,0.4210330670543637,2.1558074270426166,2019,0,False,True,False,False,False,False,True,False
37.08942922,4541.1697591,227.76804267,-65603982.444,2.916301369863014,0.7063287671232876,6.9,0.2975134625260658,4.875089860967197,2011,1,True,False,False,False,False,False,False,True
42.453251521,3600.0771484,163.50706821,290804283.56,2.916301369863014,0.7063287671232876,6.9,0.2525283486697952,3.793537821419391,2011,1,False,False,False,True,False,False,False,True
35.71144994099935,1261.6666666666667,157.04645792643228,-92397991.33333331,2.916301369863014,0.7063287671232876,6.9,0.8575238255529036,1.1061162041808297,2011,1,False,False,True,False,False,False,False,True
12.383080527292304,551.6619122869429,290.88814676635906,5.1698162824951135,1.3631665315539587,0.23852160952834844,5.0,0.7949642402058065,1.7789994288578328,2012,0,False,False,True,False,False,False,True,False
32.753902435,2584.9475098,148.95639208,-3509408.0,2.916301369863014,0.7063287671232876,6.9,0.48359393927098343,2.6268986208240213,2011,1,True,False,False,False,False,True,False,False
14.529699182668619,1264.0887614340957,59.48713815933716,-3.313924007458677,1.6264291172494314,0.386318229829127,6.9,0.7521497869611139,2.5002580648656885,2011,0,True,False,False,False,False,False,True,False
37.047187805,3444.8611111,164.05304633,98655186.222,3.1644931506849314,0.6974246575342465,0.0,0.6861785731007761,3.6151555667893436,2010,1,True,False,False,False,False,False,False,True
40.101439582,4272.4197049,295.70233832,-50730655.806,2.916301369863014,0.7063287671232876,6.9,0.13134992453981692,4.566228473741566,2011,1,True,False,False,False,False,True,False,False
6.110516785097137,100.0,102.5668877511459,3.7969396965457856,0.794462329067686,0.3877614506328939,5.0,0.8220322059955825,1.9228425618771212,2007,0,False,False,False,False,True,False,True,False
9.744974849350362,584.0262161844597,52.94226620397182,5.705663657656254,1.617094409213207,0.37735938163394495,5.2,0.8258143215863846,0.25596769611439596,2008,0,False,False,True,False,False,True,False,False
51.5397211710612,1327.6666666666667,189.09112040201825,84241040.0,2.916301369863014,0.7063287671232876,6.9,0.7949891792333296,1.1819667993279532,2011,1,False,False,True,False,False,False,True,False
7.469821027488626,1164.949845585148,172.46522271720644,3.2951567443620156,1.109562468944203,0.4627712008194879,4.8,0.9151199084850375,1.6514033528873877,2009,0,False,True,False,False,False,False,True,False
47.911933899,1562.4290229,131.92601522,122188873.44,2.916301369863014,0.7063287671232876,6.9,0.7491745517677156,1.4517677756679435,2011,1,True,False,False,False,False,True,False,False
52.64136962890625,1482.4,195.95929718017575,-207791859.725,2.916301369863014,0.7063287671232876,6.9,0.630336802836837,1.3597943057284314,2011,1,False,False,False,False,True,False,False,True
13.486534894249113,100.0,154.30699690937126,-9.074365221871123,1.4881953112202086,0.3941775996588731,5.3,0.4472948959021261,2.007376827100265,2018,0,False,False,False,False,True,True,False,False
17.54630101111462,464.90080736249604,127.24586659684168,2.3668625201298013,1.7083040548171842,0.22061805981955784,5.2,0.6397588434014305,2.396484839007615,2013,0,True,False,False,False,False,False,False,True
11.749404121623748,276.00913668704254,33.49097512560979,4.061198904696099,0.9902173145175102,0.3098931333076912,4.9,0.7267046102019058,0.7424000891280067,2014,0,False,False,True,False,False,False,False,True
44.52164513987879,1196.3118279569892,182.28030495835887,-23283107.277016133,4.043369863013698,0.791068493150685,4.5,0.7720313664369858,1.0310070615766889,2017,1,False,False,True,False,False,False,False,True
33.18848673502604,3489.333333333333,240.66903177897137,-190322544.0,2.916301369863014,0.7063287671232876,6.9,0.6841745732151576,3.6662653323031833,2011,1,True,False,False,False,False,True,False,False
11.193957657150658,275.450909964939,333.2294388091209,-0.3393888603648837,1.0611261245354704,0.32750267007116846,5.0,0.8227259200546174,2.073949882354637,2007,0,False,True,False,False,False,False,True,False
33.555886375,3518.3549262,163.02642314,80205994.0,2.606986301369863,0.6875890410958904,5.7,0.09881074694951113,3.699618439743399,2015,1,False,False,False,False,True,False,False,True
13.857969152432632,376.5442602411674,91.97760407601768,-2.6413948670098994,1.6981872710514416,0.33883976691570983,5.4,0.8025508632125375,0.2846858257572985,2016,0,False,False,False,True,False,True,False,False
56.206921468427616,1707.2412968400404,199.0272249916466,-451760773.9518688,2.916301369863014,0.7063287671232876,6.9,0.823813463779627,1.6181934902582515,2011,1,True,False,False,False,False,True,False,False
8.696463758714323,447.81521407103764,206.92063953518948,-1.1028623374042,1.3203423868672817,0.3805872055096028,5.3,0.9027254355184181,1.8955873283048694,2006,0,False,False,False,True,False,True,False,False
37.557007896,983.932095,211.11202664,113519971.94,2.916301369863014,0.7063287671232876,6.9,0.7477553081456592,0.7869293473043437,2011,1,False,False,True,False,False,False,False,True
23.449323617276686,2146.2619047619046,223.66798210144043,-147617804.83333334,2.0284931506849313,0.6234520547945205,4.5,0.586039779340461,2.122738556814696,2002,1,True,False,False,False,False,False,False,True
20.0,376.68015801634925,231.3628767620725,3.1415346273558336,1.8164933374107177,0.45358473048676184,6.9,0.6809112970146588,0.6641515961886038,2011,0,False,False,False,True,False,True,False,False
17.99222476415843,527.0677480570024,215.52926483487505,0.8667071185677716,1.196279011996045,0.3207680350661713,4.5,0.9637626786068687,0.4233142947324676,2002,0,False,True,False,False,False,True,False,False
43.267223834991455,1476.375,157.714111328125,-81854677.0,2.340054794520548,0.6379452054794521,4.8,0.8851821440812668,1.3528700657926525,2005,1,False,False,True,False,False,False,False,True
43.014732785,4148.4135742,118.03019206,8586954.6667,2.916301369863014,0.7063287671232876,6.9,0.09030532181350111,4.423714249264489,2011,1,True,False,False,False,False,True,False,False
13.052839888142927,1745.4533774701538,317.61308019414514,6.938221535288287,1.2810334671714863,0.3632918641750274,4.9,0.7238315681486728,2.8055742140318594,2014,0,False,False,False,True,False,True,False,False
15.710422942618994,875.3664033189714,142.84686495107394,-0.6085197720893357,1.584611936216422,0.19742640967963176,6.9,0.7862549552663527,2.262581231993883,2011,0,False,False,False,True,False,False,False,True
40.89660453796387,1975.48,92.16881469726563,-98841877.36000001,2.916301369863014,0.7063287671232876,6.9,0.8958632233438809,1.9264672065639412,2011,1,True,False,False,False,False,False,False,True
7.969848401647151,470.0126492270058,31.38460841945922,-3.746034788571296,2.0619597808344174,0.4170100040125152,5.4,0.8264246867092646,2.0532850765810333,2016,0,True,False,False,False,False,False,True,False
24.434056388,3609.3271484,253.45216031,-52108742.667,2.916301369863014,0.7063287671232876,6.9,0.15435275078719474,3.8041683972544043,2011,1,True,False,False,False,False,True,False,False
35.739578671,4544.7098524,282.6970893,-117146707.56,3.1644931506849314,0.6974246575342465,0.0,0.22562102099677733,4.879158318295702,2010,1,True,False,False,False,False,False,False,True
46.50729370117188,1143.4,184.24139404296875,-127152264.8,2.606986301369863,0.6875890410958904,5.7,0.811097357814007,0.9701980670182065,2015,1,False,False,True,False,False,False,False,True
20.0,920.9334967053336,288.1277564484264,5.631000435945705,1.4792233052391515,0.19642097314249818,5.0,0.7606087926189126,2.20333254462821,2012,0,False,False,False,True,False,False,False,True
11.845246760340327,848.0902533736852,46.38553632009174,3.942743091586505,1.2339934073162027,0.28564693022956084,5.0,0.7745163360650364,2.3422321536503987,2012,0,False,True,False,False,False,False,True,False
7.353339029488632,304.68172464958155,84.30640085357484,-3.9283979830599796,1.0144945672058028,0.34618593119756824,5.3,0.4599394657363195,2.132712558552198,2006,0,False,False,False,True,False,False,True,False
18.922210558428233,322.7381415605066,295.20454648296817,3.730504934346621,1.4054848998980103,0.30429357939556523,4.8,0.6174072210096805,1.8381816793287604,2009,0,False,True,False,False,False,True,False,False
37.475738525,3914.2406955,179.45042759,24707729.056,2.916301369863014,0.7063287671232876,6.9,0.15704603707932857,4.154590730829487,2011,1,True,False,False,False,False,False,False,True
34.09428475119851,666.7272727272727,90.01842568137431,-90916013.90909089,2.916301369863014,0.7063287671232876,6.9,0.6845564324320199,0.4223812480176181,2011,1,False,False,True,False,False,False,False,True
2.4774396406741435,311.1048811697744,136.44976543887506,4.651280781209753,1.1426726642380116,0.46730325338257067,5.0,0.8792383202297493,0.597629464489051,2012,0,False,False,False,False,True,False,False,True
35.547865126,1854.3055284,271.40871006,-215077980.44,2.916301369863014,0.7063287671232876,6.9,0.6230939729486379,1.7872072703897257,2011,1,True,False,False,False,False,True,False,False
43.998753018,1334.5926107,144.19196404,-12959670.417,2.916301369863014,0.7063287671232876,6.9,0.8547670231482534,1.1899264504928624,2011,1,False,False,True,False,False,False,False,True
44.623677889506006,1177.2777777777778,136.81510628594293,-139479587.66666663,4.043369863013698,0.791068493150685,4.5,0.7895511636509398,1.009132151968304,2017,1,False,False,True,False,False,False,False,True
27.941216468811035,800.1666666666665,223.57743835449216,20880435.33333333,2.533753424657534,0.6537534246575343,4.8,0.6135912029316133,0.5757366638717769,2009,1,False,False,True,False,False,False,False,True
11.984936984080804,100.0,21.273800428171178,9.823475239844543,1.5395062141144402,0.4257393468977389,5.0,0.8123565916789058,0.7746462513216473,2007,0,True,False,False,False,False,False,False,True
15.0901435549181,773.3885929791869,299.0478637872277,0.1352702034447571,2.431828858235048,0.47129727292261875,4.6,0.5749545782637322,2.073114799911314,2019,0,False,False,True,False,False,False,False,True
45.5541623433431,1376.6666666666667,189.508290608724,-78000458.66666667,2.916301369863014,0.7063287671232876,6.9,0.7126748857919832,1.2382801199674844,2011,1,False,False,True,False,False,False,True,False
31.535400179,4378.3828668,180.58992513,36000154.444,2.916301369863014,0.7063287671232876,6.9,0.21587544227701394,4.68800679031408,2011,1,True,False,False,False,False,True,False,False
11.878613600540291,742.5950622578354,316.7358890226103,-0.5617694573519043,1.2330693483326889,0.3635402482483611,4.9,0.7407086471496547,1.291056811635832,2014,0,False,False,True,False,False,False,True,False
49.989150577,2013.4814996,135.66286892,11893653.111,2.426065573770492,0.6655737704918033,5.0,0.660121695574031,1.9701404847630801,2012,1,False,False,False,True,False,False,False,True
22.748807818757683,1218.544819724175,223.4246651198992,119226597.9453696,2.916301369863014,0.7063287671232876,6.9,0.8329238882225991,1.0565583594167214,2011,1,False,False,True,False,False,False,False,True
6.183897299547981,916.5799692847224,170.24296781192575,-6.537871919455006,1.3364218870150626,0.46520314028095155,5.7,0.6603035970548912,1.2924917949143768,2015,0,False,False,False,False,True,True,False,False
9.02554851465217,1339.3120263705596,118.94688139527858,-1.9876491047773,1.4087857927811698,0.30455390587150194,4.5,0.6228771225218884,2.5359935057525957,2002,0,False,False,True,False,False,False,False,True
14.593198238067835,952.1434121535665,237.1770252504254,4.2000491337280375,0.6265134777423943,0.4349010913276553,4.5,0.7732742008679864,0.1601982931594962,2002,0,False,False,False,False,True,False,False,True
16.76146730518605,1015.6528412731221,30.381256996035244,-7.028773653264779,1.6433583500236366,0.295891617032218,5.7,0.5999038498968426,0.1111277219726226,2015,0,False,False,True,False,False,False,True,False
15.417928726005414,904.1062233470907,0.06782384036948308,-1.5537723589039958,0.8197274320763288,0.3307700965970918,5.3,0.733128830868919,0.3353762509447721,2006,0,False,False,False,True,False,False,False,True
11.229816420166339,1169.1728728837631,355.8297561883476,4.090935680529535,1.5687405828644088,0.35317815681615905,6.9,0.6678738194296749,2.6012398714645975,2011,0,False,False,False,True,False,False,False,True
10.402216188404598,994.9439212761536,326.4994111805402,3.5046285771855152,1.0049126229711878,0.38137659233083876,5.3,0.8298929025874967,0.3688729513497827,2006,0,False,False,False,True,False,True,False,False
48.248081631,3130.9814724,215.46376885,94864791.111,2.916301369863014,0.7063287671232876,6.9,0.6109056876685534,3.254428939517236,2011,1,True,False,False,False,False,True,False,False
8.71113619722156,844.3284380535212,214.55598318605345,-8.746100215051051,1.2580871668595743,0.325830154858351,5.3,0.6740270347300453,2.0189411518959055,2018,0,True,False,False,False,False,False,True,False
34.329881032,3326.8055827,100.98441145,114926998.67,2.606986301369863,0.6875890410958904,5.7,0.655902836640208,3.479480080584069,2015,1,True,False,False,False,False,False,False,True
9.28697579120861,322.2240967977201,122.69365192434478,0.8282947178426621,1.23731196479513,0.33555315847002065,5.5,0.6786721751517665,2.428645773796401,2003,0,True,False,False,False,False,True,False,False
34.679422802,4543.7653537,272.81709798,289039984.0,3.1644931506849314,0.6974246575342465,0.0,0.1795824130909342,4.878072851803116,2010,1,True,False,False,False,False,False,False,True
49.43006897,2211.9814996,128.7672916,-157225937.78,2.916301369863014,0.7063287671232876,6.9,0.4686394496474867,2.1982668959252623,2011,1,True,False,False,False,False,True,False,False
9.327966569883158,1101.0808594290509,287.49357805779044,2.917942349866359,0.7742260069622221,0.38308109252597566,4.8,0.7215682014888294,0.5038158493229176,2005,0,True,False,False,False,False,True,False,False
37.685133192,2299.6049262,161.8199429,144142501.11,2.916301369863014,0.7063287671232876,6.9,0.6887341884826333,2.2989682452652667,2011,1,True,False,False,False,False,True,False,False
13.712138826106374,1221.2229732061517,294.0324948430301,3.3815502999878944,1.4019683397440823,0.4001718993027699,4.8,0.6410796705221219,0.5075866711870745,2005,0,False,False,True,False,False,False,True,False
13.876256278093592,1163.7360072421502,148.5631173900228,8.510275770079629,1.1503701343534878,0.4175696949394388,5.2,0.836142741520031,1.2520872712373332,2013,0,False,False,False,False,True,False,False,True
9.063652911169106,523.6478350855161,266.3029195507946,-0.9318153493849274,0.8060017285345087,0.5190177633345957,5.3,0.5422127612416465,0.30565628251513977,2006,0,False,False,False,False,True,False,True,False
10.818235830378203,970.1316241906376,102.70452180863391,-0.21351897361641728,1.8491989462006726,0.3069413439817721,5.2,0.6565953362323257,2.5485131060419093,2013,0,False,False,True,False,False,True,False,False
11.75095684086712,990.8014877580293,287.40390776075816,1.7458627015592838,1.1232030756266327,0.3699297309992064,5.5,0.7550755240350151,2.3713248185043683,2003,0,False,True,False,False,False,False,True,False
40.19254164262252,463.7272727272728,177.10989379882812,66828943.63636363,2.916301369863014,0.7063287671232876,6.9,0.36379512605875225,0.1890832053681324,2011,1,False,False,True,False,False,False,False,True
12.543344155336753,810.4489726158903,325.29882396484624,1.8608434073604763,1.8409057080940292,0.4222986263119221,6.9,0.5344543193125902,2.2731991485000522,2011,0,False,False,False,False,True,False,False,True
46.45816584995815,1138.857142857143,207.96187482561385,-254674440.0,2.916301369863014,0.7063287671232876,6.9,0.6519882960212537,0.9649771818976902,2011,1,False,False,True,False,False,False,False,True
29.275976605,3649.6388889,331.9520874,89263062.111,2.533753424657534,0.6537534246575343,4.8,0.27313974962249443,3.850496723138365,2009,1,True,False,False,False,False,True,False,False
3.411031881191839,837.6717766721636,307.48895915418154,-0.40275945909611566,1.2804254117043357,0.5014782046194154,4.8,0.8848320934509654,1.8986999273798453,2009,0,True,False,False,False,False,False,False,True
39.98169593811034,1730.25,116.0308521270752,-79667756.4,2.916301369863014,0.7063287671232876,6.9,0.859416712876516,1.6446362755347126,2011,1,False,False,False,True,False,True,False,False
10.027890764607397,1163.686466581251,172.0362412880073,-0.9038024489778017,2.1036961477419682,0.3539590529777949,5.4,0.4616579075625835,0.6174066800341377,2016,0,False,False,False,False,True,False,True,False
38.67992528279623,1405.0,130.5246429443359,-367440400.0,2.916301369863014,0.7063287671232876,6.9,0.6034060934302257,1.2708422441468048,2011,1,True,False,False,False,False,True,False,False
30.81341726883598,1370.1521739130435,207.5203990106997,10393048.554347826,3.1644931506849314,0.6974246575342465,0.0,0.8143787768100187,1.2307933297789395,2010,1,False,False,True,False,False,False,False,True
37.260077582,3648.3549533,237.57852342,-18172895.139,2.916301369863014,0.7063287671232876,6.9,0.17768682564439142,3.8490211582991134,2011,1,True,False,False,False,False,True,False,False
12.705183279112822,898.1111351113719,196.13795671626724,0.5093035318992652,0.7704129316584998,0.22482423136382573,5.2,0.8011674103605502,0.8949490550756819,2008,0,False,False,False,True,False,False,True,False
38.754109852054576,2154.7357512953367,235.79206184031432,-126286829.17551814,2.916301369863014,0.7063287671232876,6.9,0.48571362588455824,2.1324771371593356,2011,1,True,False,False,False,False,True,False,False
19.274639041628333,1423.4719640355931,58.18313206291372,6.541120389127703,2.4020407655072784,0.22277052653760146,5.4,0.6571540648752117,0.9875367820634372,2016,0,False,True,False,False,False,False,True,False
16.951767055187535,704.2812892802325,209.87439341925688,-2.4815236547764186,1.651414679464215,0.40195463297743955,5.2,0.5617741905964265,2.24561669714117,2008,0,False,True,False,False,False,True,False,False
7.530661752475946,371.4983401229097,4.431493085787213,5.534952064892513,2.699590680851193,0.33560416062119885,4.6,0.6107204903586563,2.409271923903883,2019,0,False,False,False,False,True,False,False,True
9.879807090002505,893.6550188453184,324.1156565067377,-4.324753258154132,1.180699922658959,0.35697023147318224,4.8,0.9170553189881805,0.7004655418107952,2009,0,True,False,False,False,False,False,True,False
40.05331185745867,484.16438356164383,322.3076631728917,-20603764.726027396,4.043369863013698,0.791068493150685,4.5,0.393119603626492,0.21257058445714402,2017,1,False,False,True,False,False,False,True,False
14.411359453514711,456.4644908187623,266.75325009884824,0.5625785579405713,2.763235463905228,0.17386332225266954,4.5,0.8407473573946755,0.3347658347354956,2017,0,False,True,False,False,False,True,False,False
20.0,936.6516877476457,143.77274942208874,-4.656337898581323,1.2294934242752955,0.3781221551476459,4.8,0.7155659255200654,1.5558237734436282,2009,0,False,True,False,False,False,False,False,True
15.44518101607486,655.7943133104441,60.78751440396701,-3.4886689165080704,0.9258105592305067,0.24609264336082187,5.0,0.6801635418814925,2.8042178784104252,2012,0,False,False,True,False,False,True,False,False
16.71731920932684,606.2556222910578,54.18773699882888,-2.1732254489509732,2.110133986547665,0.5267829058405179,4.5,0.6760996862956294,0.44540895404247716,2017,0,False,False,False,False,True,True,False,False
9.698522779030766,136.3021526443399,238.55922470136798,-1.3684804811619213,1.8694482797634178,0.4590749351990426,6.9,0.49804451297683283,1.1451427161569228,2011,0,False,False,True,False,False,False,False,True
20.0,1557.2145655646643,273.32954390190343,-0.8220822023069068,1.9956019759453811,0.2590398923806711,5.2,0.8634132886735075,0.7800484852548718,2013,0,False,True,False,False,False,True,False,False
2.7452982105236607,512.8706455793111,359.89696949612903,-6.134377672568947,0.6651840051251191,0.3378724524164331,4.5,0.6412780074867712,2.3881662491895894,2002,0,False,False,False,False,True,False,False,True
18.456981023,4257.6265191,217.02722677,50554040.444,2.606986301369863,0.6875890410958904,5.7,0.09237318667152312,4.549227383634717,2015,1,True,False,False,False,False,False,False,True
14.78028323914428,1349.723805271638,296.83253091133156,9.956263008217608,1.00305813712908,0.30159429806722016,5.7,0.6244665061273941,0.2781328748535148,2015,0,False,True,False,False,False,False,True,False
33.323113547,3943.0833062,184.01807997,10063650.667,3.1644931506849314,0.6974246575342465,0.0,0.05386415413221686,4.187738142756635,2010,1,True,False,False,False,False,False,False,True
17.15236710217915,100.0,350.1994762411509,-1.6426745423136593,2.5954214378948595,0.30314310772018,5.4,0.690494024855202,2.6708573272615173,2016,0,False,True,False,False,False,True,False,False
11.791892533537425,1058.3671303175245,102.1782409284673,2.9551077827993817,0.7046295835680656,0.5442668124161504,4.5,0.5742110270554204,1.3416500017873476,2002,0,False,False,False,False,True,False,False,True
8.098491730715477,977.1225524083661,283.2301206555973,2.2780930976226927,1.6936762877879648,0.38194012335955807,5.7,0.6669270768748882,0.6633933559052241,2015,0,False,False,False,False,True,True,False,False
39.532224019,4562.9845378,42.761819919,56005802.556,2.916301369863014,0.7063287671232876,6.9,0.27463854713176983,4.90016052683686,2011,1,True,False,False,False,False,True,False,False
39.67872601635051,1601.4905660377356,161.80305077894678,-53171524.66037735,4.043369863013698,0.791068493150685,4.5,0.6469311128013258,1.496659310431008,2017,1,False,False,True,False,False,False,False,True
14.762620426291925,773.1265677352333,59.47341816162606,-10.583318804485,0.9316505754352995,0.3697326350614878,6.9,0.8117487129421123,2.9064541920177756,2011,0,False,False,False,False,True,False,False,True
39.726336585,4512.5617405,232.31161329,14857930.819,2.916301369863014,0.7063287671232876,6.9,0.1373023936531652,4.842212054349167,2011,1,True,False,False,False,False,True,False,False
49.64847074236189,1539.428571428571,207.05442156110487,-24787257.142857146,2.916301369863014,0.7063287671232876,6.9,0.8598191668501225,1.425334473656422,2011,1,False,True,False,False,False,False,False,True
54.62235595817981,931.261205627512,194.43033357746455,356793403.69896173,2.916301369863014,0.7063287671232876,6.9,0.7254729108871857,0.7263972517614419,2011,1,False,True,False,False,False,False,False,True
18.891373931678622,1509.6850016552085,314.72162068980657,0.5673451835773806,1.0235921269712596,0.5031899916544544,5.0,0.9590955887592936,1.9115255254227788,2007,0,False,False,True,False,False,False,True,False
41.875058916,4077.5308431,151.46776157,-12040789.111,2.916301369863014,0.7063287671232876,6.9,0.2229737994231733,4.342252168361632,2011,1,True,False,False,False,False,True,False,False
56.152946472,1868.8364258,145.18504673,191233447.11,2.916301369863014,0.7063287671232876,6.9,0.6110660842063598,1.8039069251747528,2011,1,True,False,False,False,False,True,False,False
43.655657874,4059.5092231,142.27357229,2393411.5556,3.1644931506849314,0.6974246575342465,0.0,0.14253967506386112,4.321540795596249,2010,1,True,False,False,False,False,False,False,True
31.85090201241629,1394.2857142857142,180.60915047781808,-48857634.571428575,3.1644931506849314,0.6974246575342465,0.0,0.7060056684078159,1.2585288358437001,2010,1,True,False,False,False,False,False,False,True
13.464967637259779,279.6392973943497,54.57034543315678,14.616778086595438,1.144372428513935,0.35161292952450207,4.8,0.7599098123917774,1.3130442221711092,2009,0,False,False,False,False,True,True,False,False
35.0909754374021,1766.851702366048,149.46066999138563,-23240190.4826678,2.916301369863014,0.7063287671232876,6.9,0.6256042394981304,1.686700834744752,2011,1,False,False,True,False,False,True,False,False
5.443894949124424,928.9962862691269,319.6940631696424,-0.9088763794146665,2.8489654127386355,0.33836769607237416,4.6,0.6883957978571246,1.0942329979358072,2019,0,False,True,False,False,False,True,False,False
5.921233129163748,720.8781256413974,96.82522049752959,11.444737448566034,1.550030368466466,0.18973238551414054,4.9,0.6039403481412091,0.44284499501013364,2014,0,False,False,True,False,False,False,True,False
46.212288751,1615.1358236,144.40456814,-108701724.21999998,2.426065573770492,0.6655737704918033,5.0,0.6094287557060203,1.512341142355759,2012,1,False,False,False,False,True,False,True,False
12.508820364938128,1132.6513230657874,140.35404705895587,-2.4497507758026735,1.0799820001478695,0.30594035315338053,4.5,0.5614999083446817,2.00751961149054,2002,0,False,True,False,False,False,False,True,False
36.943109724,3882.0833605,215.72087606,-8297513.1111,2.916301369863014,0.7063287671232876,6.9,0.05173803263279768,4.11763386722198,2011,1,True,False,False,False,False,True,False,False
8.201803097608888,691.760043334652,165.6584152158383,-0.5329738045732589,1.4268634723316285,0.3245943801821148,4.9,0.6915205174930479,2.4559331001398377,2014,0,False,False,False,False,True,True,False,False
28.3966599873134,731.8214285714284,176.92553588322227,-54655753.008928575,2.0284931506849313,0.6234520547945205,4.5,0.7847550294156649,0.4971908004627517,2002,1,False,False,True,False,False,False,False,True
34.70172506341284,1104.178483954118,192.2405965850969,35774236.164609686,2.916301369863014,0.7063287671232876,6.9,0.8792271976810695,0.9251226831598337,2011,1,False,False,True,False,False,False,False,True
14.31861928695216,244.8215757733841,61.40948816055241,2.2480451503591485,1.4087244454710535,0.36475409118653285,4.8,0.7598042775433356,1.8571859667013173,2004,0,False,False,False,False,True,False,False,True
9.481477596634292,323.7405711285198,27.748084302525847,6.693108671952254,2.743387507022526,0.4250278144199514,5.4,0.6932859538581739,2.1960753418024113,2016,0,False,True,False,False,False,False,True,False
7.023223180379915,1291.10090392772,212.71227885757494,0.6057345092494836,1.5054751975327083,0.376619224818727,5.5,0.8372642109374424,2.504536856824006,2003,0,False,False,True,False,False,False,False,True
6.072899976598444,1150.831507740235,154.50573362268847,4.245427252254354,0.8290790177793897,0.4297602849999754,5.5,0.7235566370813007,2.7558419917169497,2003,0,False,True,False,False,False,True,False,False
25.562721416523633,1395.209686052758,131.89510165896587,47968940.38697755,2.916301369863014,0.7063287671232876,6.9,0.6211706242201289,1.2595907117289942,2011,1,False,False,True,False,False,False,False,True
17.508283569981835,650.4690423802272,226.1657197667813,-5.632734061418986,1.5602166376280509,0.5199494452671346,4.8,0.36032275309058254,2.866722568726449,2009,0,False,False,True,False,False,True,False,False
35.45885213216146,579.5,195.99547068277997,-80879229.33333334,2.916301369863014,0.7063287671232876,6.9,0.8420504217801792,0.3221351790869501,2011,1,False,False,True,False,False,False,False,True
34.47276078330146,410.19444444444446,166.5389484829373,-76599941.83333331,2.916301369863014,0.7063287671232876,6.9,0.48218543689876847,0.12756052528993098,2011,1,False,True,False,False,False,False,False,True
35.596933577,2997.2036947,118.95626916,-66862180.056,3.1644931506849314,0.6974246575342465,0.0,0.6744593170661346,3.1006846356383786,2010,1,True,False,False,False,False,False,False,True
20.0,100.0,157.87385587347677,-4.9749994660517896,0.7853662053090843,0.5090503344564838,5.2,0.913026544404006,1.405819203111425,2008,0,False,True,False,False,False,True,False,False
11.289807366128066,1288.798848389401,320.2747318863239,-0.8126306406494977,1.5401926857944856,0.38623184587355586,5.2,0.8074166047121649,2.2028223638066167,2008,0,False,False,True,False,False,False,True,False
13.434869792269666,844.1962154797875,151.242742025181,0.391743344812969,1.4896990866165494,0.2919176047153498,5.0,0.7284345784651947,0.9029229115268355,2012,0,True,False,False,False,False,False,True,False
1.4032131598067892,1095.8999759513035,33.85299759633589,5.483767133999703,2.0776829377411064,0.5012016000005722,5.3,0.9294050212522216,0.9907223795022133,2018,0,False,False,False,True,False,False,False,True
49.7983515,2596.484592,148.52689955,123389610.27,2.606986301369863,0.6875890410958904,5.7,0.4531332038221147,2.6401576291744955,2015,1,True,False,False,False,False,False,False,True
36.508905835,3756.8363715,89.997079637,-60629844.111,2.916301369863014,0.7063287671232876,6.9,0.21136807397679197,3.9736935845547805,2011,1,True,False,False,False,False,False,False,True
9.715163382112875,1117.6068294164534,250.00216420705516,2.5877188790613554,1.8730483486224456,0.39432732980064056,5.2,0.6083095901207772,0.7156283608389148,2013,0,False,False,True,False,False,True,False,False
10.391884319770185,448.3796459296441,112.75425398526265,3.6868656763041208,0.7655443687466666,0.3380737526409752,4.8,0.46982798028920547,1.3434164442325822,2009,0,False,False,True,False,False,True,False,False
11.435041090659567,983.0149384592921,29.594542936241396,-0.7570661505514189,2.9947057840175657,0.4771071649674262,4.6,0.5248409968584609,0.43511929237383207,2019,0,False,True,False,False,False,True,False,False
40.97349655628204,1912.3125,171.83524227142334,-142740724.234375,2.426065573770492,0.6655737704918033,5.0,0.6254513142255576,1.8538718661252152,2012,1,True,False,False,False,False,False,True,False
5.336277646058576,911.2424076367843,196.14519327042564,-5.398453512511735,1.5689914080416916,0.3815341858900654,5.2,0.5337911442824457,2.5746547280204846,2013,0,False,False,False,True,False,False,True,False
17.365579795075835,443.85109845650015,166.53463436709677,-74408040.55334303,2.916301369863014,0.7063287671232876,6.9,0.3657329090739832,0.1662404834334953,2011,1,False,False,True,False,False,False,False,False
22.475354807717455,892.4285714285713,84.40715735299247,-80845852.07142857,4.400246575342465,0.7940821917808218,4.6,0.8105900631773111,0.6817687909262875,2019,1,False,False,True,False,False,False,True,False
40.400945028,4590.8024089,222.36064826,150857434.44,2.606986301369863,0.6875890410958904,5.7,0.10931227187420002,4.93213025530142,2015,1,True,False,False,False,False,True,False,False
4.940195117278743,1140.8667153007332,229.6357533589082,2.694889878505493,1.1239529201019407,0.5142276057540438,4.8,0.6217586632218965,0.918866965223703,2005,0,True,False,False,False,False,True,False,False
14.047067089345651,1063.0078429983498,223.68401901127066,-0.9585295694856839,2.8441198563120924,0.3619950680158742,5.4,0.9270016753209204,2.5904081465322415,2016,0,False,False,False,False,True,True,False,False
51.555369483,2028.6512451,148.01898193,242360328.44,2.916301369863014,0.7063287671232876,6.9,0.6167356345784516,1.9875743366480105,2011,1,False,False,False,False,True,False,False,True
12.98291036743869,730.2499878538758,255.24494074333145,5.0745949122757885,2.5599899240936304,0.3283571971724111,4.5,0.4106904965875231,1.7933659388572925,2017,0,False,False,True,False,False,True,False,False
54.782093048095696,1472.0,182.94592285156247,28802456.0,2.0873424657534247,0.6205479452054794,5.3,0.7772499781707032,1.3478420907355515,2006,1,False,False,True,False,False,True,False,False
15.189866350753865,856.8203777298437,201.30653045855752,-3.4580878490945044,1.2439787855889968,0.30988357943888223,5.0,0.9222273689262375,1.045055893585792,2012,0,False,True,False,False,False,True,False,False
43.92237281799317,410.625,192.20405197143555,-78929808.0,2.0873424657534247,0.6205479452054794,5.3,0.30364436513030996,0.12805534188285203,2006,1,False,False,True,False,False,False,False,True
26.21896171569825,817.0,210.69730377197268,65879724.0,2.916301369863014,0.7063287671232876,6.9,0.8410442791154547,0.5950823964724322,2011,1,False,False,True,False,False,False,False,True
29.68154697730893,2540.770491803278,152.4758435859055,-131358990.0,4.161890410958905,0.781123287671233,5.3,0.48321435489433984,2.5761281192046805,2018,1,True,False,False,False,False,False,False,True
33.970764584,4433.0371094,262.91352844,-1571584.0,4.043369863013698,0.791068493150685,4.5,0.22804480533688398,4.750818257412948,2017,1,True,False,False,False,False,True,False,False
38.200247659,1987.4136149,80.266125149,193242614.22,2.916301369863014,0.7063287671232876,6.9,0.7504548884061599,1.940181930691541,2011,1,True,False,False,False,False,False,False,False
6.609101975458276,602.6052192459455,156.91712723397944,139893691.2831958,2.0284931506849313,0.6234520547945205,4.5,0.6381181537955655,0.3486888856143704,2002,1,False,False,True,False,False,True,False,False
46.06547335274557,1723.294814715057,175.99866326759707,-190716113.3692779,2.916301369863014,0.7063287671232876,6.9,0.8438703027390233,1.6366430188192362,2011,1,False,False,False,True,False,False,False,True
33.13406094142369,1992.6857142857143,199.93537423270087,-25611274.401785713,2.0284931506849313,0.6234520547945205,4.5,0.7422521487261975,1.9462408985109534,2002,1,False,False,True,False,False,False,False,True
39.25781567891439,660.6666666666665,115.68667856852214,-156719680.0,2.916301369863014,0.7063287671232876,6.9,0.8467611728769507,0.4154160877653568,2011,1,False,True,False,False,False,False,False,True
8.48151253983697,757.5752363847845,35.594502350628744,4.974908343961769,1.1997499563828877,0.177802703586728,5.5,0.6194915334875457,1.0053564629805252,2003,0,False,False,True,False,False,False,True,False
29.768242518,1704.5246853,186.569497,109413313.78,2.0284931506849313,0.6234520547945205,4.5,0.7704925810006416,1.6150714205295302,2002,1,False,False,True,False,False,False,False,True
10.005537538732245,1069.42605727468,96.39960317580031,8.86395588218358,1.0634406601128419,0.2513074675831347,4.9,0.8529078965440315,2.1820048037262953,2014,0,False,True,False,False,False,True,False,False
49.96021397908529,1226.8888888888887,202.2281256781684,-225679880.88888887,2.916301369863014,0.7063287671232876,6.9,0.7391095214819947,1.0661477929332712,2011,1,True,False,False,False,False,False,False,True
11.795710332019956,582.9604142275696,299.9941457302845,-2.862933319231593,0.9400874009376725,0.39773506397364733,5.2,0.4835909917940131,1.486660878311948,2008,0,False,False,True,False,False,False,False,True
16.686118107674247,761.0767244911893,85.98839774469396,2.991246873149752,1.0749980646279125,0.14508761135463996,5.7,0.7181882024655897,0.8566638809854874,2015,0,False,False,False,False,True,False,True,False
11.182663316488965,677.4586156914762,191.19072415868743,-11.203368932098739,1.0402268075101875,0.25365224622648064,4.9,0.5981707309771338,1.829658468414414,2014,0,True,False,False,False,False,False,True,False
22.755660284133185,1222.6190476190477,267.99818929036456,-172628060.19047615,2.0284931506849313,0.6234520547945205,4.5,0.6235369144026798,1.0612406716984046,2002,1,False,False,True,False,False,False,False,True
8.876466384189483,100.0,90.83060994218636,9.907895824075956,1.4153135321966333,0.3394763031918732,5.3,1.0,2.306569335247378,2006,0,False,False,False,True,False,False,True,False
14.93881492641874,1236.1098025377041,208.87974676261058,0.7229725164824221,1.6887502595263444,0.3395286741374662,4.9,0.730844472204023,0.17791619673031236,2014,0,True,False,False,False,False,True,False,False
12.116538004429348,1003.4672998348542,217.4658037456389,3.4398347605801667,1.3387316383016743,0.3719784323424461,5.2,0.4734654631874653,2.8573741137576514,2008,0,True,False,False,False,False,False,True,False
16.012354411598444,274.4968745255869,281.6597986056314,5.045326480236642,1.0117837698239278,0.28489359980851275,5.5,0.8048530462875843,1.6024237790729272,2003,0,False,False,False,True,False,True,False,False
19.83653933319476,516.3494460392349,262.88861295245255,6.309669383657673,0.9643411548772285,0.48899640686042023,5.0,0.9250974684599562,1.372077750713559,2012,0,False,False,False,False,True,False,True,False
1.8666893512833003,654.2130949919085,115.58919495133804,-7.307780886254078,1.1848356402904607,0.33202005548484675,5.7,0.890562469087183,0.7716371718153069,2015,0,False,False,False,False,True,False,False,True
6.066792413174762,861.0871596879314,1.0515717436903227,5.6161966241191,0.7736741926925526,0.3243449019447126,4.8,0.7009426787337809,0.7394754826962792,2009,0,True,False,False,False,False,False,True,False
44.717160275107936,2879.2631578947367,195.1408819901316,-127780478.5263158,2.916301369863014,0.7063287671232876,6.9,0.6907907606857296,2.96514130368913,2011,1,True,False,False,False,False,True,False,False
6.441873361306366,1613.322119441386,74.63124114752087,-0.6867708695307198,2.7462090011093148,0.534290304830465,4.6,0.4955632879975037,0.9307738394592925,2019,0,True,False,False,False,False,False,False,True
10.087584912709541,542.8007106076486,295.3359026816304,-6.914334886271124,1.035213126870123,0.40869522911833744,4.8,0.7760701734317902,0.5117833521210455,2005,0,False,False,False,False,True,False,False,True
39.31853904724121,949.2,182.56018066406247,-191231473.6,2.916301369863014,0.7063287671232876,6.9,0.7726422533627637,0.7470134370550039,2011,1,False,False,True,False,False,False,False,True
14.590334719225456,595.4197777799076,310.63698104846844,-14.507618413467895,1.0639013938082307,0.2966695266572129,4.8,0.6472641882099809,1.1968510942056998,2005,0,False,True,False,False,False,True,False,False
20.0,1079.0948512597815,285.0119958432066,-1.7331659174541105,1.0910591774084455,0.3393581119997011,4.8,0.2570387349023095,2.49311297665293,2004,0,True,False,False,False,False,False,False,True
10.461071916600938,1211.5353181651246,187.2685883705596,4.906570639993905,1.0977624343056702,0.25036583178261956,5.5,0.7578148857611893,1.9445372927834672,2003,0,False,False,False,False,True,True,False,False
39.422789256,4399.3549805,246.32598792,211398864.89,2.916301369863014,0.7063287671232876,6.9,0.2016072649148975,4.712109022217688,2011,1,True,False,False,False,False,True,False,False
31.676653193930793,1632.03125,77.71346024672192,-56512586.317708336,2.916301369863014,0.7063287671232876,6.9,0.8864595841989582,1.5317582355027954,2011,1,False,False,True,False,False,False,False,True
18.58471781616281,1239.961980367153,294.02035292107604,0.31589613778258185,1.274773844929642,0.23503708010491858,5.3,0.5439317551579107,1.5476769458398623,2006,0,True,False,False,False,False,False,True,False
20.0,920.6780539784163,353.44752957382593,5.4892118044413625,1.2958891152399072,0.24968201690771996,5.5,0.8590593857850823,1.6505166769190192,2003,0,False,False,False,True,False,False,True,False
20.0,507.7272144784878,354.18251262795764,0.9583044586739143,1.1799134692548203,0.5322168949395707,4.8,0.49553824826534587,2.023751348642576,2005,0,False,False,False,False,True,True,False,False
45.00653991699218,1966.0,228.5616790771484,-193893080.80000004,2.916301369863014,0.7063287671232876,6.9,0.7124611738571112,1.9155723028973544,2011,1,True,False,False,False,False,True,False,False
10.178987582560312,696.6397119171327,306.92080148455926,0.8237189373219249,0.9530938006706992,0.3421761407656735,5.2,0.6695973397244334,2.1189581058731606,2013,0,False,False,True,False,False,False,False,True
46.38555561412465,1837.8181818181813,216.94362432306465,-292516097.27272725,2.916301369863014,0.7063287671232876,6.9,0.8213690750087306,1.7682591635620313,2011,1,False,False,True,False,False,False,False,True
11.405010121345532,492.3539106230441,303.81286054022064,2.6757071772766032,1.696014499575202,0.3792988208334979,5.0,0.5711458691696936,2.3271129363793115,2007,0,False,False,False,True,False,True,False,False
10.14895288593375,1035.2799739887428,14.315747395885037,1.5080962397679851,1.175397304818804,0.5396412405772782,4.8,0.3348735421236111,0.6392883719165112,2009,0,True,False,False,False,False,False,False,True
58.25006357828776,990.0,149.898193359375,-23041749.33333333,2.916301369863014,0.7063287671232876,6.9,0.62738600303584,0.7939028958732255,2011,1,False,False,True,False,False,False,False,True
3.474566653781377,1347.7763905696415,23.287281665447367,0.10691105552352956,0.7443909144943253,0.31050378035034293,4.8,0.6653601325187004,0.5031063950773252,2004,0,False,False,False,True,False,False,False,True
41.35831832885742,2141.5,203.43297576904297,-19797538.0,2.916301369863014,0.7063287671232876,6.9,0.49285828488589833,2.1172659309022053,2011,1,True,False,False,False,False,False,False,False
7.630248272542873,633.5223989079439,16.12024218168056,-1.793046597287711,2.493812619150066,0.2777637260511,5.3,0.6743459880181563,2.259992719036748,2018,0,False,True,False,False,False,True,False,False
28.94089271667156,1919.4893617021276,138.75089953808074,-85848272.38297872,2.606986301369863,0.6875890410958904,5.7,0.833144074778231,1.8621198847827147,2015,1,True,False,False,False,False,True,False,False
38.07589866339378,905.7524041425539,174.18555010894792,329212107.83496505,2.916301369863014,0.7063287671232876,6.9,0.7509408775740263,0.6970812248807768,2011,1,False,False,True,False,False,False,False,True
8.924909943301019,431.02692559540844,315.80620457839217,3.944816776171989,1.4550478236724165,0.30627405946223,5.0,0.6608006410822798,2.2384888385046438,2012,0,False,False,False,True,False,False,True,False
10.894013341371005,562.8688250482041,225.42342177352975,0.7506731700310904,1.8914762313800015,0.34246203875772335,6.9,0.8321071582009725,2.9819735285966993,2011,0,True,False,False,False,False,False,False,True
24.60734318362342,531.1111111111111,162.14032406277127,-189680241.77777776,2.533753424657534,0.6537534246575343,4.8,0.6213565945380687,0.2665241787728554,2009,1,False,False,True,False,False,False,False,True
33.62443923950195,2179.75,100.71253967285156,-282776964.0,2.916301369863014,0.7063287671232876,6.9,0.4670787515558358,2.1612247985442883,2011,1,True,False,False,False,False,True,False,False
51.741628646850586,2464.5,157.8446502685547,-133197516.0,2.916301369863014,0.7063287671232876,6.9,0.4221389694206197,2.4884741465464613,2011,1,True,False,False,False,False,True,False,False
55.81765397389729,970.8333333333331,177.0829200744629,-100979721.79166669,2.916301369863014,0.7063287671232876,6.9,0.722685883324281,0.7718755765754497,2011,1,False,False,True,False,False,False,False,True
8.396047905317808,839.962217560964,60.60130413088688,2.102725546140599,1.4005765760471038,0.2338067508343755,5.5,0.6380512548865384,2.542109901202184,2003,0,True,False,False,False,False,False,True,False
13.859799503792491,704.5866212629332,106.8219507974724,4.419306017265371,2.6599092182191306,0.49942512462563315,5.4,0.8721308820390842,2.166730295060979,2016,0,False,False,False,False,True,False,True,False
10.874970483148124,931.7263140607103,201.66561301496827,1.0582048875432442,0.7890639781512223,0.3833679059945397,5.7,0.8740740306091014,0.11490491999812488,2015,0,False,False,False,False,True,False,False,True
31.855863636853744,2010.857142857143,153.35411554453324,-62110925.26530612,2.426065573770492,0.6655737704918033,5.0,0.42440463419256996,1.9671244389930185,2012,1,False,False,False,False,True,False,False,True
18.839926537212072,100.0,215.32054657284647,-1.7094386808564246,2.536599295671399,0.31479443922880634,4.5,0.8311265375857484,1.266448831056626,2017,0,False,False,False,False,True,False,False,True
15.383851353584774,376.24578247634383,206.40576442867848,2.164883413638657,1.1522564524276477,0.22396857086564062,5.5,0.8400917749152604,1.0462182395499449,2003,0,True,False,False,False,False,False,True,False
5.325980808905115,1742.2321034272823,215.68341061451707,-1.801873232901999,1.4433209845810877,0.2921098967663567,5.5,0.6742042590560987,0.3940015431626043,2003,0,True,False,False,False,False,False,True,False
19.92001802781848,1109.2399766155486,149.09408075816165,3.209077651208455,0.8261746702690697,0.41362373753789256,4.8,0.876528436542787,2.0335214365870105,2005,0,False,True,False,False,False,False,True,False
9.236860025468992,832.4400976160086,136.4077001011732,0.7100770612761614,2.751997973786269,0.3326720708226103,5.3,0.6445970334930156,1.7919224051534617,2018,0,True,False,False,False,False,True,False,False
11.20662778144682,207.88636071701467,204.18148077097882,9.18803366532355,2.348940785951934,0.41491201400599365,5.4,0.44360355321882833,0.6362688626547185,2016,0,False,False,False,False,True,False,True,False
9.900501501104388,897.5857285116977,190.79694825351075,4.915761054599294,1.1055231902507439,0.37999074383672626,4.8,0.5618132332835639,2.6421800983460857,2005,0,False,False,True,False,False,True,False,False
11.792149512287377,759.2737031881721,189.08631270725766,7.239307180383722,1.1539295259112794,0.2628321921163114,5.0,0.7017892356100235,0.5984418851941803,2012,0,False,False,True,False,False,False,True,False
9.551502627358449,321.56110727024804,180.77529958631527,4.395881507172132,2.6374300566135753,0.44124833895474147,5.4,0.9048757908334695,1.7541875250705607,2016,0,False,False,False,False,True,True,False,False
4.043427520620464,100.0,207.80990307670072,-2.8996851795646283,1.3723796831926383,0.28637104543219183,5.4,0.8687043785195343,2.5523952146042928,2016,0,False,False,False,False,True,False,True,False
11.741857638538653,1091.3879649891735,297.6533905667108,-7.44575058380798,1.6489489218612465,0.3129041980428445,5.0,0.799317593722304,1.710942112491931,2012,0,False,False,False,True,False,False,True,False
4.500815443382278,587.7969508247372,274.73590485320017,2.865660263462492,1.5126820436465516,0.33223632946146264,4.8,0.47120836982258996,2.2576828830082625,2009,0,False,True,False,False,False,False,False,True
14.54743433,4132.8796658,101.14254761,117901186.44,2.916301369863014,0.7063287671232876,6.9,0.14668383657513434,4.405861882641748,2011,1,True,False,False,False,False,True,False,False
34.53396940231323,808.0,203.9888168334961,-120384015.05,2.606986301369863,0.6875890410958904,5.7,0.6138007926065258,0.5847391334978246,2015,1,False,False,True,False,False,False,False,True
16.699240517648438,749.6244108212666,15.979597981507595,-0.4611710231664024,2.5684521537471254,0.2802126231384112,5.4,0.6825414005708835,2.495228665424563,2016,0,False,False,False,True,False,True,False,False
25.167319616,3494.1172689,327.28834025,122346599.89,2.916301369863014,0.7063287671232876,6.9,0.5155293185805776,3.6717632771498074,2011,1,True,False,False,False,False,False,False,True
16.511273366945957,867.6496200396361,236.20824648740904,-3.477346156608067,1.3360042513075894,0.35953013538739365,5.5,0.7954548591629396,1.7896230735170602,2003,0,False,False,False,False,True,False,True,False
46.590858883,4038.4721951,145.2409668,120861711.56,2.916301369863014,0.7063287671232876,6.9,0.26518264581408585,4.2973639608397844,2011,1,True,False,False,False,False,True,False,False
13.280807292169124,361.88661916140205,234.60045073431334,5.348041310789904,2.0477651314204572,0.47382379406464314,5.4,0.6608358852306135,1.4086731808120319,2016,0,False,False,False,False,True,False,False,True
28.998467551,4558.8179253,262.26807658,246505421.78,2.426065573770492,0.6655737704918033,5.0,0.08502100380913101,4.89537204141455,2012,1,True,False,False,False,False,False,False,True
12.44476136304851,1174.0952645598509,167.1959650411954,1.5052223813722578,1.3210767459806003,0.24566651569496634,5.0,0.931250921769455,1.55715038431202,2012,0,False,False,False,False,True,False,True,False
10.626262524127913,882.0106748247515,356.85476162410794,-3.963471410930391,1.0714340559811095,0.255791346524507,5.3,0.3565426675311055,0.974242872430522,2006,0,False,False,True,False,False,False,False,True
20.0,784.1044380775302,49.993677502746124,-0.7609999017883333,1.3255862573416666,0.3358706936793905,4.8,0.8117344627670646,1.7865361928701673,2009,0,False,False,False,False,True,False,True,False
1.3922202930559138,566.6350576527482,218.47584296769477,0.2696021265288997,1.3939027209322021,0.33797294097974645,4.8,0.6416925263594159,2.58109825796403,2004,0,True,False,False,False,False,False,True,False
34.575924555,4434.3024631,201.18377177,101786855.78,2.916301369863014,0.7063287671232876,6.9,0.1888002028998656,4.7522724669768355,2011,1,True,False,False,False,False,True,False,False
12.251532613776602,525.4723697403538,38.28374145207886,-0.1508583331456741,1.434821069362859,0.4107245453683406,5.3,0.47451670983807076,0.4056753292728841,2018,0,False,False,False,True,False,True,False,False
41.2721471786499,914.5,218.73994827270508,-114120199.0,2.606986301369863,0.6875890410958904,5.7,0.6043180465889267,0.7071344120306827,2015,1,False,False,True,False,False,False,False,True
14.576364264933828,579.7091903645451,77.59075276487947,1.9623257056329426,1.0374116393806903,0.42013250045677597,5.5,0.7060897714234448,0.9923381588305471,2003,0,True,False,False,False,False,False,True,False
13.482294669992793,804.0093208969015,17.81886725771998,-2.528281799687205,1.7626995761262534,0.31362889509124525,4.8,0.9149308646900622,1.4854521665586542,2009,0,False,False,False,False,True,False,True,False
16.556880979022818,956.1609375665067,179.01213491328775,-6.923233103473017,1.043827478032099,0.14847940116445854,5.5,0.5700706601959852,0.8937255272672758,2003,0,False,False,False,False,True,False,False,True
10.501307116953985,1009.1111801863567,68.85375044925121,2.0523792194722814,2.358941667436336,0.2892051552714815,4.6,0.606309863984749,2.01631573610364,2019,0,False,False,False,False,True,False,False,True
9.552302781542481,1455.576330937676,195.31237267161052,4.765120735726179,2.641106837110859,0.38023113051476426,5.4,0.8103286381187645,0.859078190389999,2016,0,False,False,True,False,False,True,False,False
22.342288970947266,1579.0,152.21851603190103,-231362544.0,2.916301369863014,0.7063287671232876,6.9,0.7868671427457001,1.470811994989221,2011,1,False,False,True,False,False,True,False,False
27.167778985840933,2036.857142857143,190.9399828229632,-327498045.71428573,2.0284931506849313,0.6234520547945205,4.5,0.5752942935769301,1.9970049764752185,2002,1,True,False,False,False,False,False,False,True
40.30310964584351,4308.0,194.0522499084473,-28438587.0,2.916301369863014,0.7063287671232876,6.9,0.2725659459727291,4.607119179178614,2011,1,True,False,False,False,False,False,False,True
11.121993496444835,410.5001408167696,41.66553840433393,-1.5797936322282522,1.2951969223845274,0.34359389614661107,5.0,0.674454855173406,2.172617458183629,2012,0,False,False,False,False,True,True,False,False
36.605599923567326,677.1818181818181,95.1078643798828,-175549349.27272728,2.916301369863014,0.7063287671232876,6.9,0.6812496753786222,0.43439614945276844,2011,1,False,False,True,False,False,False,False,True
29.063779619,1387.90743,85.423542447,5733764.0885,4.043369863013698,0.791068493150685,4.5,0.7568198488145982,1.2511985834332615,2017,1,False,False,True,False,False,False,True,False
15.759513090163491,273.2177703612566,79.28110849583344,-3.3541801836674727,1.8311368365445853,0.21863848539209332,0.0,0.6507006977256555,0.22394485757965898,2010,0,False,False,False,True,False,False,True,False
8.431917221296182,449.98983693750205,232.46658363442043,-4.61762695884365,0.6850849604667272,0.4693170864975144,4.5,0.48895006330553803,0.21909770109217575,2002,0,False,False,False,True,False,True,False,False
8.810734516352795,819.6213637097428,228.63207812749877,-9.439124196251763,1.5881935685511157,0.2891116062189661,5.2,0.35876698542664565,0.15299770219816808,2013,0,False,False,True,False,False,False,False,True
14.85596960283981,468.6148924129087,269.9462751971279,2.4589816579403982,1.2989202974044507,0.22760179332568298,5.0,0.6306614079878723,2.561879221480611,2012,0,False,True,False,False,False,True,False,False
3.972955044077189,100.0,87.96237868312781,3.016430168368982,0.8566083075632122,0.6,5.2,0.552066327057622,2.695664151599516,2008,0,False,False,False,False,True,False,True,False
10.973726851929568,1004.9998208886068,298.65152047149013,1.2096818473678586,0.9917256490866606,0.20687176123619455,5.5,0.7736242750927143,0.6781019194664311,2003,0,False,False,False,True,False,False,False,True
15.03082545305728,1190.4593432338836,224.10709046270827,11.391665145808165,0.7559977274587693,0.3251641973587876,4.5,0.6972243095155506,2.5734865131782856,2002,0,True,False,False,False,False,True,False,False
37.908235338,4649.8580187,192.70278761,59395754.667,2.916301369863014,0.7063287671232876,6.9,0.0732756919514748,5.0,2011,1,True,False,False,False,False,True,False,False
17.86119623379197,798.9593329563927,313.77518182376303,-2.1127055520251883,0.9437263326216554,0.390827164090203,4.8,0.6944031387630047,0.3096031479622121,2005,0,False,False,False,True,False,True,False,False
11.479751216001816,155.66221777530131,311.89914513048313,7.085219104738085,2.9527178215791654,0.3092522828585137,5.4,0.6753693842955224,2.1461318637841043,2016,0,False,True,False,False,False,False,True,False
32.33029810587565,1414.0,185.23141479492188,-302880890.6666667,2.916301369863014,0.7063287671232876,6.9,0.89231844229985,1.2811855071214127,2011,1,True,False,False,False,False,False,False,True
18.42266516966947,1001.1196923865616,322.98708274726283,-2.346367023773902,2.3465577896256185,0.3673961149685708,4.5,0.7199660353695944,2.9456006326208404,2017,0,False,True,False,False,False,False,False,True
31.169343101,2369.8827311,146.89472792,125420406.89,3.1644931506849314,0.6974246575342465,0.0,0.6915346248162881,2.3797351138606975,2010,1,True,False,False,False,False,True,False,False
41.448216756,3072.0833605,164.41541714,-156572566.33,2.916301369863014,0.7063287671232876,6.9,0.4683805487625825,3.1867401995072835,2011,1,True,False,False,False,False,True,False,False
23.4692959504969,559.0,144.81910526051243,-107830581.1764706,2.0284931506849313,0.6234520547945205,4.5,0.8467801681978975,0.2985755245336769,2002,1,False,False,True,False,False,True,False,False
47.036692301,1246.1975369,142.63734521,270235671.89,2.916301369863014,0.7063287671232876,6.9,0.8919031664257338,1.0883382844958334,2011,1,False,False,True,False,False,False,False,True
24.679123561,4480.4351671,258.59152561,123301414.22,2.916301369863014,0.7063287671232876,6.9,0.1848355604789127,4.805290543554807,2011,1,True,False,False,False,False,True,False,False
9.61849679515586,892.3733763319979,212.5027954631375,12.1120276939497,1.2243182061245867,0.31032550210056264,0.0,0.6733092737512092,2.505216935412886,2010,0,True,False,False,False,False,False,False,True
26.6614758379691,740.5041541858942,106.29861891404198,123245058.91056015,2.916301369863014,0.7063287671232876,6.9,0.7980592130153193,0.5071694353923941,2011,1,False,False,True,False,False,False,False,True
10.245673465132302,698.5013276689665,128.4015506910353,9.402175732013275,1.2464147856236976,0.3384107938638867,5.3,0.6857071979282493,2.5930707967329654,2006,0,False,False,False,False,True,True,False,False
57.94967555999756,2394.75,176.0378818511963,-210688958.5,2.916301369863014,0.7063287671232876,6.9,0.4036463424069449,2.4083138584932513,2011,1,True,False,False,False,False,True,False,False
28.560007890065503,425.16666666666663,166.6380157470703,-294239837.0,2.916301369863014,0.7063287671232876,6.9,0.32363296552433124,0.14476737326312097,2011,1,False,False,True,False,False,False,False,True
39.59272702534994,857.1333333333333,151.54896189371746,-172560347.0,4.043369863013698,0.791068493150685,4.5,0.784024558780737,0.6412056876629053,2017,1,False,True,False,False,False,False,False,True
11.206722520657069,764.9446968734089,320.93280562446245,-0.2880398185775242,2.1725679338329082,0.3543083008024385,4.6,0.585216645099296,2.4000727600928635,2019,0,False,False,True,False,False,False,False,True
34.08217811584473,1991.5,125.73506927490232,-29519116.0,2.916301369863014,0.7063287671232876,6.9,0.788267424025219,1.9448782146587429,2011,1,True,False,False,False,False,False,False,True
8.976861106991352,1084.908595802351,137.38029835219203,-5.411836693861785,1.0285851955010654,0.3599126536154637,4.8,0.7304723802386811,2.64461116714919,2005,0,False,True,False,False,False,False,True,False
15.318686069440105,572.8979747303225,200.8152690945125,2.1324790945984433,1.518128667701172,0.23543414288346448,5.5,0.807519819698425,1.7757011173831636,2003,0,True,False,False,False,False,False,False,True
42.018555959,1414.6573893,194.4988505,28944495.222,2.606986301369863,0.6875890410958904,5.7,0.8384433910624945,1.2819410127221453,2015,1,False,False,True,False,False,False,False,True
31.174470266,3621.2839355,248.70966424,98753100.667,2.916301369863014,0.7063287671232876,6.9,0.2964126135276502,3.8179097520662597,2011,1,True,False,False,False,False,True,False,False
11.408010497268855,825.2661837228694,340.7896635118586,5.070524656398561,1.4102562413977868,0.272898258163475,5.3,0.6916828956829311,0.6136687181749366,2006,0,False,False,False,True,False,True,False,False
8.300628617683062,644.2328490027849,312.678542275304,-4.697028919002585,1.2648715764172334,0.4978723609467891,5.0,0.6021236289368914,2.239853203989353,2007,0,False,False,False,False,True,True,False,False
37.339126375,2285.6944444,138.25294325,316492998.22,2.340054794520548,0.6379452054794521,4.8,0.597283867690103,2.282981604002945,2005,1,False,False,True,False,False,False,False,True
9.46160108767169,844.3824384272174,117.29632232320193,2.9863744377829144,1.1102375502128587,0.3238534362680797,5.3,0.6132600118903859,2.1425724162758235,2006,0,True,False,False,False,False,False,True,False
18.78316691091727,1217.0435342545948,261.0667972898607,-3.834933050678609,1.365092172182604,0.45976249648611645,5.3,0.8023954125353058,1.9259222003219187,2006,0,False,False,False,True,False,False,False,True
19.05934408,3641.7963053,250.27804057,93531095.701,2.340054794520548,0.6379452054794521,4.8,0.21803388685146963,3.8414836226300153,2005,1,True,False,False,False,False,True,False,False
31.961149851,1958.2592638,98.072926839,41548876.778,3.1644931506849314,0.6974246575342465,0.0,0.7231148769106889,1.9066762506602806,2010,1,False,False,True,False,False,True,False,False
46.054512872,3703.2314724,322.54821099,331722046.22,2.505123287671233,0.6536986301369863,5.0,0.2909049942723132,3.912088076986045,2007,1,True,False,False,False,False,False,False,True
39.797197978,2642.3611111,153.17623732,-101489100.67,2.916301369863014,0.7063287671232876,6.9,0.4359596102001049,2.6928812848868193,2011,1,True,False,False,False,False,True,False,False
15.83991634847285,457.0902321033097,112.44567667878488,-2.367290468161798,1.388908256452555,0.3339262558688136,5.3,1.0,0.35564125859626894,2018,0,False,False,True,False,False,True,False,False
40.06981138749556,2280.5,201.78400004993784,-403133422.81818175,2.916301369863014,0.7063287671232876,6.9,0.6909636480122916,2.2770118812878137,2011,1,True,False,False,False,False,True,False,False
42.776921844482416,684.8,144.07086486816405,-95472406.4,4.043369863013698,0.791068493150685,4.5,0.8387378008308304,0.44315135588986065,2017,1,False,False,True,False,False,False,True,False
4.282310940824438,1126.7487120081632,167.9788024909977,6.066906999524967,0.8479382419014347,0.2836806551624641,5.7,0.9445872955495094,1.0107270400634543,2015,0,False,True,False,False,False,True,False,False
47.630485974106136,844.7058823529411,161.83427548875997,-167308093.39215687,3.1644931506849314,0.6974246575342465,0.0,0.8385558584306111,0.6269234217079894,2010,1,False,False,True,False,False,False,False,True
45.646332635,2016.0956624,146.06527201,54101942.222,2.916301369863014,0.7063287671232876,6.9,0.4854521483132403,1.9731448151296176,2011,1,True,False,False,False,False,True,False,False
34.306193351745605,1614.0,151.71463012695312,-286202064.0,2.426065573770492,0.6655737704918033,5.0,0.6351201049282817,1.5110357954460292,2012,1,False,False,False,False,True,False,True,False
9.93843440632569,1121.3783249462329,61.86545327775403,3.309977835316526,1.4682701760152557,0.3707960930680386,5.2,0.7795849906806601,1.3869368833675109,2013,0,False,False,False,True,False,False,True,False
11.140341548177396,488.3944627865231,258.6345227347447,-1.0888679119594333,0.7749517878084953,0.3936335188415508,4.8,0.5907217668978471,0.6601640243844549,2009,0,False,True,False,False,False,False,False,True
20.0,884.228013583386,258.325964903374,-3.655369175255307,1.0825969569577605,0.5336674630859405,4.9,0.7078477821733724,1.2980114534087184,2014,0,False,False,False,True,False,False,False,True
32.489627838134766,724.2,236.09133300781247,-45071905.6,2.916301369863014,0.7063287671232876,6.9,0.6532318631339168,0.4884318626898102,2011,1,False,False,True,False,False,False,False,True
12.238017759071756,460.8080489378664,102.44242863464311,2.6438405289578677,0.7617246449370272,0.30324006595050035,5.2,1.0,2.4789398556268827,2008,0,False,False,True,False,False,False,True,False
36.28351473127093,1530.928571428571,226.34378901890344,-20880368.982142854,2.340054794520548,0.6379452054794521,4.8,0.730155494771392,1.4155658364026256,2005,1,False,False,True,False,False,False,False,True
20.0,671.6900668374885,14.601145516085312,-8.523485067481356,0.8505433420228313,0.33242180782334635,4.8,0.5071476372629984,1.295862813096575,2005,0,False,False,False,True,False,False,False,True
7.417270876122802,355.98475796341916,122.31988976227863,4.815444991065162,1.2247865600650145,0.22485861275157729,4.8,0.21408434125898962,2.7442740231896656,2004,0,False,True,False,False,False,False,True,False
0.0,952.0189853836105,283.3092485703599,-5.8427215732830415,2.169808251625118,0.24785593773414077,5.3,0.6411355668313277,1.5083759094694038,2018,0,False,False,False,True,False,True,False,False
10.484841795009853,949.7745303818293,12.406053393,-6.73381204381882,1.4065665359395212,0.3643343882595889,5.3,0.855229578516015,1.7897898250082902,2018,0,False,False,True,False,False,True,False,False
43.185190773010255,1446.35,143.5609992980957,-28008118.9,2.916301369863014,0.7063287671232876,6.9,0.7929864655327059,1.3183637912579194,2011,1,False,False,True,False,False,False,False,True
41.48654174804688,1420.2,147.16822204589843,-96479211.0,2.0873424657534247,0.6205479452054794,5.3,0.7080571924233788,1.2883108660594758,2006,1,False,False,True,False,False,True,False,False
39.428035736,3444.1265734,119.86861102,3140796.4444,2.606986301369863,0.6875890410958904,5.7,0.49507660154688327,3.6143113982786916,2015,1,True,False,False,False,False,False,False,True
15.720191353245806,100.0,156.78196358333736,-1.8001605732743033,1.050351359473778,0.18347153328675475,4.8,0.6742973510794572,1.003558044788464,2004,0,False,False,False,True,False,False,True,False
19.4928241943254,655.922562156021,239.50515671209988,-9.580835898329394,0.9878666424644372,0.2258766092639127,5.3,0.6208392663957809,2.575598191929225,2006,0,False,True,False,False,False,False,True,False
39.487042427063,1751.25,61.59968376159668,6839912.0,2.916301369863014,0.7063287671232876,6.9,0.6564363479171283,1.6687705558087973,2011,1,True,False,False,False,False,False,False,True
4.637458109794956,869.6074226482415,294.5544007493691,-5.28735596097905,1.029572571781979,0.2423502731590358,4.8,0.6227487585466462,1.7294049904476037,2005,0,False,False,False,False,True,False,True,False
14.705009363018144,573.2819307815604,33.894687645251246,-3.0689843842143834,0.8021293984683544,0.3051283431334901,5.0,0.5252783590992094,0.7833062684557803,2007,0,False,False,False,False,True,True,False,False
15.112781666712909,1850.0345358486643,310.2272981705863,-11.03781862645133,1.1399872696342301,0.4252827213808473,0.0,0.948772756295212,1.9102981372928027,2010,0,False,True,False,False,False,True,False,False
25.012851715,4468.7160916,162.90853373,-27643373.986,2.0873424657534247,0.6205479452054794,5.3,0.27427756498814426,4.7918223791419425,2006,1,True,False,False,False,False,True,False,False
16.64048888308097,1200.7710195820778,1.3741682847649717,5.558592837620942,1.4382186271207344,0.3619502521264682,4.8,0.7293263725236184,1.5876401144806316,2005,0,False,True,False,False,False,False,False,True
46.010090691702715,2855.6785714285716,185.764958517892,-176194181.0,2.606986301369863,0.6875890410958904,5.7,0.6087246066953851,2.938036683692805,2015,1,True,False,False,False,False,True,False,False
30.884160572,1967.7129313,229.92302619,-71851756.889,2.916301369863014,0.7063287671232876,6.9,0.7683831592708489,1.9175408916632808,2011,1,False,False,True,False,False,False,True,False
20.0,921.5121237962022,134.9292844014467,-12.175318448864118,1.2069503009363924,0.3933885480001643,5.5,0.6242427023229565,0.501267782575751,2003,0,False,False,False,False,True,True,False,False
16.009286660200832,909.3505391777069,11.201615970248767,-2.0514071798549853,1.1098300031455186,0.4498816644778151,5.2,0.8056333434226625,1.4882440881000154,2008,0,False,True,False,False,False,False,True,False
41.841490852,1899.6882731,108.4813953,-208298110.22,2.916301369863014,0.7063287671232876,6.9,0.7536279174897843,1.8393634551610134,2011,1,True,False,False,False,False,True,False,False
28.24167050852473,1986.9459872919608,139.01684189465288,91919338.04927424,2.916301369863014,0.7063287671232876,6.9,0.6647463082490529,1.9396445089888592,2011,1,False,False,True,False,False,True,False,False
31.115251541,3599.7499729,198.73136902,110566174.89,2.916301369863014,0.7063287671232876,6.9,0.2545036914806233,3.7931618145043524,2011,1,True,False,False,False,False,True,False,False
18.37822241312887,1119.1210692197667,162.04441002549558,-2.761608367886722,1.0035972164669804,0.5078783576612251,4.8,0.5167757405400152,1.7053197447208381,2004,0,False,False,False,False,True,True,False,False
12.724687073905905,519.8604770168185,263.7486844922998,-2.0323111061468078,0.7900284277034403,0.5342651372883342,4.8,0.469186671358712,2.7743565913487243,2009,0,False,True,False,False,False,False,False,True
44.648613298443,514.1971830985915,162.7646815340284,-70123869.3028169,2.916301369863014,0.7063287671232876,6.9,0.6451250673310585,0.24708582262095818,2011,1,False,True,False,False,False,False,False,True
11.65509669827104,851.7227900665362,104.61152153028783,10.551771839101978,0.6832737813628941,0.41882667340508467,4.5,0.6012564638111169,1.8399067889570915,2002,0,False,False,False,True,False,True,False,False
49.84211394190788,1775.34375,114.24268221855164,-122782711.65625,2.916301369863014,0.7063287671232876,6.9,0.6168909827045512,1.6964603327304033,2011,1,True,False,False,False,False,True,False,False
35.678927528,4483.175944,99.006627401,78780589.111,4.043369863013698,0.791068493150685,4.5,0.26933483834524524,4.808440385358298,2017,1,True,False,False,False,False,True,False,False
38.96876487731934,1760.2,194.639214070638,46225044.8,2.426065573770492,0.6655737704918033,5.0,0.8284531895152417,1.6790563562113239,2012,1,False,False,False,False,True,False,True,False
13.2174786940395,919.2208840428702,113.37105190066835,-0.36516739909401263,1.2498394332167344,0.5387335898894415,4.9,0.4290118041296666,1.7060879778378042,2014,0,False,False,False,False,True,False,True,False
46.60764408111572,1903.375,173.14628982543945,-331830607.0,3.1644931506849314,0.6974246575342465,0.0,0.8465580177871068,1.8436004313657086,2010,1,False,False,False,False,True,False,False,True
13.153204551321824,1250.5467443982423,208.53588737538965,-4.332103057242772,1.5900085483770035,0.19322922061742287,5.0,0.6075321482048429,0.9677728124730756,2012,0,False,False,False,True,False,False,False,True
44.1860715230306,857.6,194.8960154215495,-116975689.41666669,2.606986301369863,0.6875890410958904,5.7,0.6348217921520749,0.6417420050023295,2015,1,False,False,True,False,False,False,False,True
41.04445733,1619.6388889,151.01867676,-22871114.625,2.916301369863014,0.7063287671232876,6.9,0.6747876687446624,1.5175162966435065,2011,1,False,False,False,True,False,False,True,False
39.23967266082764,1448.0,225.004623413086,-89460684.0,2.916301369863014,0.7063287671232876,6.9,0.6032512954440895,1.3202600561365974,2011,1,False,False,True,False,False,False,False,True
14.75533872737954,480.1844315069264,347.84762785444735,7.059382594472638,0.9092997636193794,0.3067876290675946,5.5,0.8600024663071754,1.7310451849419708,2003,0,True,False,False,False,False,False,False,True
48.1259305100692,2987.7236842105262,194.7018111379523,-168575061.29605263,2.916301369863014,0.7063287671232876,6.9,0.5569293532510446,3.089789719916749,2011,1,True,False,False,False,False,True,False,False
48.506967544555664,883.0,161.0601634979248,-381870044.0,2.916301369863014,0.7063287671232876,6.9,0.7158307913402323,0.6709329916195557,2011,1,False,False,True,False,False,False,False,True
36.556987339,4534.3580729,198.33933004,20137149.111,2.916301369863014,0.7063287671232876,6.9,0.19251529252234123,4.867261520781962,2011,1,True,False,False,False,False,False,False,True
16.374172191345657,557.0617604938179,197.75609258514265,1.9408512883399511,1.8475258544170363,0.3805062138965167,6.9,0.5778243683857585,0.6063105686168405,2011,0,False,False,True,False,False,True,False,False
20.0,573.1230324749288,11.752443916440697,-5.685706902681112,3.0512401629226416,0.33043214411230476,5.4,0.8541823141031126,1.4819267654134882,2016,0,False,False,False,True,False,True,False,False
12.745886301724678,774.6843515444147,175.6264309892663,8.170674967444342,1.0032304384009263,0.2595108073952133,4.8,0.5758976500539471,0.16404895137342124,2004,0,False,True,False,False,False,True,False,False
13.417790353054565,1330.1076204153323,33.62686991110642,-4.799139984568239,1.3700509448695335,0.4033225561555641,5.0,0.7118391728608331,0.33770063046662036,2007,0,False,False,False,False,True,False,True,False
11.305687064026642,855.234861253452,53.27429305170051,-5.804352298607569,1.2362754189174794,0.1763183591455974,4.8,0.7720898069408476,0.8687357245818604,2004,0,False,False,False,True,False,False,True,False
16.18848719200244,1787.2208728919309,182.5383973915588,0.29776484156807664,2.4756328618371968,0.3516549398909113,5.4,0.4611784708308508,2.8082112342541214,2016,0,False,True,False,False,False,False,True,False
12.459028872903367,100.0,349.46717532380933,9.212395222836056,1.1426338580780397,0.27843299862823606,5.3,0.8124048913405061,2.816501211975121,2006,0,True,False,False,False,False,False,False,True
36.56033515930176,1002.75,206.88822555541992,-30600435.0,2.606986301369863,0.6875890410958904,5.7,0.612218640695691,0.8085558517539199,2015,1,False,False,True,False,False,False,False,True
11.514502162983383,304.7348900777731,245.40101366458322,1.440631183638521,1.9743725482627814,0.3326678845749452,6.9,0.5414414248426336,0.9160396482992728,2011,0,False,False,False,False,True,True,False,False
13.370028925427857,1125.318630633231,266.1461046593183,-12.126071389363005,2.058805386374328,0.4872116846572371,5.2,0.7420165391569876,2.600020813472131,2013,0,False,True,False,False,False,True,False,False
14.223275928334795,1117.2225522629717,170.74383135525377,-7.5484637962677725,2.2844777417687463,0.3690714966716795,5.4,0.5966562382812256,1.5606969670518929,2016,0,False,False,False,False,True,True,False,False
34.3602180480957,1825.5,102.55788803100585,-457197472.0,2.916301369863014,0.7063287671232876,6.9,0.7013985470554607,1.754102475349311,2011,1,False,False,True,False,False,False,True,False
20.0,1425.4942464199198,9.871311590156754,-5.41905424993418,1.5832915746055356,0.3653122562591076,5.3,0.5436307574603146,2.9587279237986492,2018,0,False,True,False,False,False,False,False,True
16.230067723356342,513.0059255675674,100.0159462014244,2.0091292701700088,1.9827723249272113,0.4257266933535405,5.4,0.4911415708324469,2.120028066217734,2016,0,False,False,False,True,False,False,False,True
14.161543655953851,441.7962391419609,198.90490132178107,-1.7823581868416527,1.07609535507993,0.2282076373234887,5.2,0.8148714236989325,2.079692554628177,2008,0,True,False,False,False,False,False,False,True
5.293626644908567,689.7090990130697,162.16750859681457,1.549386422915733,0.6426148071941469,0.27844831807416787,4.5,0.6938808265322558,2.2306548537685744,2002,0,False,False,False,True,False,False,False,True
12.517388826565927,269.43172525640273,112.73831813422164,-3.5085379906243745,0.7761527234412798,0.26985410292702716,4.8,0.6648010993680156,0.9823014050988677,2009,0,False,False,False,True,False,False,False,True
45.673450894,2897.3457031,138.55799866,177493700.22,2.916301369863014,0.7063287671232876,6.9,0.6724797657899961,2.985922694834493,2011,1,True,False,False,False,False,True,False,False
13.152436073017515,567.5059307668671,200.87306596175034,-0.6186416813358652,1.3345347792971156,0.40432966640822904,5.0,0.512173832880349,0.34434059451211674,2012,0,False,False,True,False,False,True,False,False
8.757240719703146,540.534965180452,91.4309548459289,11.205672845103653,1.2676992890547223,0.42421528043764567,5.3,0.6047158800206198,1.755208294781313,2018,0,False,False,False,False,True,False,True,False
8.201905794758451,100.0,55.55576350190858,5.515653530348704,1.0867594832680982,0.40298931548837735,5.2,0.7059341137381843,0.7966363563043181,2013,0,True,False,False,False,False,False,True,False
33.61369125366211,1453.68,231.73461853027345,34848471.18,2.340054794520548,0.6379452054794521,4.8,0.719551420319212,1.3267878043250168,2005,1,False,False,True,False,False,False,False,True
40.348316616,3351.9228516,139.761478,100226770.94,4.043369863013698,0.791068493150685,4.5,0.6424361138693251,3.508346138077028,2017,1,True,False,False,False,False,True,False,False
44.52906901758388,1864.9180771841436,135.29465445185517,-182737849.05203307,2.916301369863014,0.7063287671232876,6.9,0.8686569685488601,1.7994037573791983,2011,1,False,False,True,False,False,False,False,True
8.768953190885005,761.9019687098619,285.8362978924822,-0.03864611127369087,1.258170399574924,0.2636135434126957,5.2,0.7239814951021266,2.3767426059952954,2008,0,False,True,False,False,False,False,False,True
36.932959874,3335.0709907,314.87548828,247773732.44,2.916301369863014,0.7063287671232876,6.9,0.655341001455057,3.4889791126436718,2011,1,True,False,False,False,False,False,False,True
42.06607471812856,466.27272727272725,133.7598308216442,21730919.727272727,2.533753424657534,0.6537534246575343,4.8,0.3391582269578593,0.19200857267408195,2009,1,False,False,True,False,False,False,False,True
42.39989948272705,1179.25,198.54761123657224,-3059643.0,2.916301369863014,0.7063287671232876,6.9,0.6281945819522606,1.011398731200394,2011,1,False,False,True,False,False,False,True,False
47.428663253784165,2438.0,179.05581665039062,-239756800.0,2.916301369863014,0.7063287671232876,6.9,0.5661562853203962,2.4580189833434494,2011,1,True,False,False,False,False,True,False,False
5.476723020962876,473.02992959153516,60.24950392990606,-5.296563105588712,2.0346947886051145,0.24449094916751155,4.6,0.906742614043401,1.6409348120828162,2019,0,False,True,False,False,False,True,False,False
35.719947814941406,1264.0,210.9862823486328,-93238580.0,2.916301369863014,0.7063287671232876,6.9,0.6487850818034674,1.1087977908779503,2011,1,False,True,False,False,False,False,False,True
3.0972165839475885,1403.8649833584163,99.51900861002258,1.6808002313802053,1.9131602200071103,0.23739080911727833,6.9,0.838108826934084,0.7313662876366394,2011,0,False,False,False,False,True,True,False,False
32.41357612609863,2260.4,154.55388488769532,-115349049.6,2.426065573770492,0.6655737704918033,5.0,0.6102907394377359,2.25391192731119,2012,1,False,False,False,False,True,False,False,True
0.5759021383721397,1394.6988543199095,27.94127210331871,-0.8975523137075591,2.6866417291832425,0.13841584347667726,5.4,0.5623976100711814,2.105106566788141,2016,0,False,True,False,False,False,False,True,False
25.668349742889404,886.75,107.85845947265624,-193139090.0,3.1644931506849314,0.6974246575342465,0.0,0.6309371606507798,0.6752426845256422,2010,1,False,False,True,False,False,False,False,True
10.226879085332529,1687.368569645891,283.96881500592946,-0.07826030811084458,1.6535917966008882,0.37911443082360397,4.8,0.8729416827734295,2.862298690085336,2009,0,False,True,False,False,False,True,False,False
29.752145979,813.36728923,222.74235874,46684647.222,2.916301369863014,0.7063287671232876,6.9,0.6281024303484277,0.59090749838301,2011,1,False,False,True,False,False,False,False,True
9.166652937449472,616.7133922797699,243.5134904418212,-2.719359328896581,1.4044740279723296,0.39108492044326826,5.0,0.4790520418387366,1.3918134962294348,2012,0,False,True,False,False,False,True,False,False
34.989842733,4624.66352,200.93922594,-596709.3333300002,2.426065573770492,0.6655737704918033,5.0,0.2743039394883317,4.9710451860480545,2012,1,True,False,False,False,False,True,False,False
48.16902528490339,1848.5,110.88628496442522,-199183807.71428567,2.916301369863014,0.7063287671232876,6.9,0.8886517645423626,1.7805352585066423,2011,1,True,False,False,False,False,True,False,False
34.650342941,4582.8148329,334.25257365,99248861.778,4.043369863013698,0.791068493150685,4.5,0.08438023603649832,4.922950522068346,2017,1,True,False,False,False,False,True,False,False
9.878922173941069,240.99270686245063,352.10225447047026,0.8153053371470803,1.1384253606700805,0.31459384531329104,4.8,0.44960659796890245,2.626814217015875,2009,0,False,False,False,True,False,True,False,False
22.129599761962886,557.2,110.33717956542968,13680140.0,2.916301369863014,0.7063287671232876,6.9,0.6273618309146071,0.2965068719387554,2011,1,False,False,True,False,False,False,False,False
40.46854320649177,677.2580645161289,148.78457223215412,-46498392.48387097,2.916301369863014,0.7063287671232876,6.9,0.7548901044903586,0.4344837756623936,2011,1,False,False,True,False,False,False,False,True
10.383673553519719,468.4287676536312,6.460444284657059,0.3950004180553121,0.7715499690808457,0.31041843798973356,5.3,0.742538501728425,2.0411352542981698,2006,0,False,False,True,False,False,False,False,True
42.423526764,4294.7654622,184.78143989,142986179.56,2.916301369863014,0.7063287671232876,6.9,0.10606732736513995,4.591909367532749,2011,1,True,False,False,False,False,True,False,False
9.67746537248756,275.08824586443234,78.63954583799055,6.220269479310931,1.1665867400713583,0.48826419356641926,5.0,0.6025722683644252,0.2990811318288295,2007,0,False,True,False,False,False,False,True,False
37.029640834,4160.1450738,141.54912313,177929877.33,2.916301369863014,0.7063287671232876,6.9,0.28242441308564326,4.43719669209219,2011,1,True,False,False,False,False,True,False,False
10.383218938568955,811.9117052938495,294.0055831622585,2.0382812681247366,0.90834457419927,0.35233295086471766,4.5,0.8583316903197962,2.779811667652481,2002,0,True,False,False,False,False,False,False,True
57.717934926,1979.2006293,111.83025021,302617780.89,3.1644931506849314,0.6974246575342465,0.0,0.7607324052224276,1.930743145150711,2010,1,True,False,False,False,False,True,False,False
36.452281104,4440.7190755,151.89782206,118059172.44,2.916301369863014,0.7063287671232876,6.9,0.2717716060662793,4.7596467680278725,2011,1,True,False,False,False,False,True,False,False
41.33885142008464,858.9333333333332,148.18082021077473,-208319785.9333333,2.916301369863014,0.7063287671232876,6.9,0.737475867147455,0.6432743402578266,2011,1,False,False,True,False,False,False,False,True
16.50737314973893,374.7563853402143,263.09449033625117,6.187860237420586,0.7047065942368885,0.2455425780143284,5.5,0.8819176583695627,0.9881768723133826,2003,0,False,False,True,False,False,False,False,True
32.5451744950336,1512.4347826086955,167.49743984056556,-118643658.17391306,4.161890410958905,0.781123287671233,5.3,0.6820221215792118,1.3943118229403106,2018,1,False,False,False,True,False,False,False,True
34.367727704,4516.8302951,230.83790419,41175332.333,2.916301369863014,0.7063287671232876,6.9,0.1347574477621752,4.847117696876863,2011,1,True,False,False,False,False,True,False,False
