Slope,Aspect,Curvature,Elevation,Landslide,Geology_GHS paro,Geology_LHS,Geology_LHS Daling,Geology_Lingtse,Geology_MCT zone,Extent_East Sikkim,Extent_Gangtok basin,Extent_Sikkim
29.29584693908692,83.21519470214845,70.27064920000001,624.8,1,False,False,True,False,False,False,False,False
48.65379506065732,166.60978383866566,-187.16581646031744,1292.7936507936508,1,False,False,True,False,False,False,False,True
13.554537827990023,139.88091645732447,-3.6729578839902457,2043.193153501872,0,False,True,False,False,False,False,False,True
51.77813243865966,159.0482063293457,-268.91996,1532.75,1,False,False,True,False,False,False,False,True
39.36086592180976,203.09920580633752,-46.97410279310345,1411.2413793103449,1,False,False,True,False,False,False,False,True
8.037396307836497,129.32401298391565,-5.979415310175922,2344.4349557107817,0,True,False,False,False,False,False,False,True
15.909114358886551,3.5175050709061173,-8.067806989383707,1856.0887863344585,0,False,False,False,True,False,False,False,True
12.33764102343962,297.29403020331455,1.6544011610722853,878.3204918302004,0,False,True,False,False,False,False,True,False
8.163262185559752,6.563729763490187,-3.9959600332512677,200.0,0,False,True,False,False,False,False,True,False
28.654762056,168.67681376,55.387105778,3558.2839627,1,True,False,False,False,False,True,False,False
29.678633689880368,138.00896962483725,-133.678985,1515.3333333333333,1,False,False,False,True,False,False,True,False
18.334555745933113,121.32114351526307,1.1234236287594295,1936.4523323948406,0,True,False,False,False,False,False,True,False
12.370473902098876,310.6069479155623,-3.0391099354721622,2346.753535202946,0,False,False,False,False,True,False,False,True
15.241023540496826,51.8013858795166,-209.880144,363.0,1,False,False,True,False,False,False,False,False
7.920948575172808,293.3370409487444,-3.2844713948569786,1542.725874674387,0,True,False,False,False,False,False,True,False
38.599991904,268.60417345,98.15451483300001,3852.1173231,1,True,False,False,False,False,True,False,False
11.071705116680914,46.83104644702751,-10.764452964762414,2346.753535202946,0,False,False,False,True,False,False,False,True
45.340792592366526,51.640505107243854,-62.255556399999996,834.4666666666667,1,False,False,True,False,False,True,False,False
34.8011979,115.11593776,160.32978778,4530.4290365,1,True,False,False,False,False,True,False,False
13.404959338675162,1.7783931363874617,7.5672487162106545,1043.3188134166771,0,False,False,False,True,False,False,True,False
8.741998261970915,65.15170297541631,-6.121491181446829,1216.9329049722915,0,True,False,False,False,False,False,False,True
36.4351103101458,143.05968300955635,-97.54961211071428,888.4285714285713,1,False,True,False,False,False,False,False,True
4.759578292513379,116.85089876409731,2.3321499121676315,2346.753535202946,0,False,True,False,False,False,False,False,True
34.296261258,274.13989258,-37.261732806000005,3439.8241102,1,True,False,False,False,False,True,False,False
42.062105815,153.41199748,157.48021289,2856.0432129,1,True,False,False,False,False,True,False,False
5.998517964721119,348.9884360407035,-0.6700858333645885,339.483515898075,0,False,False,True,False,False,True,False,False
12.48838049274416,208.86205292183962,3.0957713050259885,2346.753535202946,0,False,True,False,False,False,True,False,False
63.999013689,103.19099087,-259.62449778,1827.8456896,1,True,False,False,False,False,True,False,False
8.69106767615806,160.30989180095958,8.34952252175703,2346.753535202946,0,False,False,False,True,False,False,True,False
43.360586802,270.18650648,-22.530920888999997,2917.0833333,1,True,False,False,False,False,True,False,False
42.119812859,327.08626302,21.686023778,3851.6296115,1,True,False,False,False,False,True,False,False
16.288298116010097,85.51588711475789,1.0028459861547143,1880.1818832708186,0,False,False,False,False,True,False,True,False
30.432483461,304.34316678,28.516379556,4370.1265734,1,True,False,False,False,False,True,False,False
31.677896912033493,152.41934863941088,-43.024829324324315,1490.945945945946,1,False,False,False,True,False,False,True,False
14.412362076215926,57.4360848407478,2.7811500470032993,2346.753535202946,0,False,False,False,False,True,False,True,False
40.225155372365855,127.62969120140156,108.4882965285528,547.9228779212909,1,False,False,True,False,False,False,False,True
36.02553844451904,196.2453956604004,-160.55992575,690.5,1,False,False,True,False,False,False,False,True
27.346776115,243.00549316,237.81194044,3504.5864258,1,True,False,False,False,False,True,False,False
8.134951080722669,192.09691682167625,10.287477348558493,677.3077541667624,0,False,True,False,False,False,False,True,False
9.408648908631763,54.380841041124086,4.088831496001435,2188.608820550249,0,False,True,False,False,False,False,False,True
12.485387746740201,354.23195326553815,-3.0475610107964157,2258.7416821818897,0,True,False,False,False,False,False,False,True
23.018336826,329.37999471,95.29507844400001,4138.6789822,1,True,False,False,False,False,True,False,False
30.9529411315918,52.54895076751709,-31.247960199999998,1123.8,1,False,False,True,False,False,False,False,True
40.755428738,292.84095256,54.642675111,4558.79324,1,True,False,False,False,False,False,False,True
37.990409639,187.68825955,23.697654222,1298.5246853,1,False,False,True,False,False,False,False,True
31.432821486,195.78910828,123.48644133,1544.1481391,1,False,False,True,False,False,False,False,True
32.757244746,97.903861152,-21.167273344999998,1371.8487549,1,True,False,False,False,False,True,False,False
4.246682844669337,216.00739732294934,-7.394557843870643,1619.0570463728884,0,False,False,False,True,False,False,True,False
31.100647687911987,207.60305404663083,-169.55971,606.75,1,False,False,True,False,False,False,False,True
19.82321827907003,162.49932875868316,4.960211747682615,663.9437897783847,0,False,False,False,True,False,False,True,False
14.56633716556678,98.71747284552121,-1.5261235217733382,667.2929778676463,0,False,False,True,False,False,True,False,False
17.01766448946012,277.34667041080553,-0.49444826595571334,708.887476880103,0,True,False,False,False,False,True,False,False
12.751968932381038,36.511498241717945,-0.3891859850640102,2346.753535202946,0,False,True,False,False,False,False,False,True
16.13591624518012,294.22719718649773,3.5947665533253335,1733.3456838368709,0,False,True,False,False,False,False,False,True
7.175382697099478,296.1411546649242,1.6924192173084556,1894.9178890025933,0,False,True,False,False,False,True,False,False
16.877725635611796,348.79602790284895,2.539956634562718,200.0,0,True,False,False,False,False,True,False,False
9.652628070325239,287.0733677784941,8.388504070382202,1070.0261576888984,0,False,False,True,False,False,False,True,False
13.48492336616593,126.22569523530507,5.199523436980383,717.0431715680255,0,False,False,False,True,False,True,False,False
12.29104359223,71.83528233449225,10.28103564970161,269.5164091714446,0,False,False,True,False,False,True,False,False
28.547738711039223,145.83236355251736,-12.640428222222223,607.8888888888889,1,False,False,True,False,False,False,False,False
14.489991456227248,275.3579741551662,-3.640014706145672,1146.4943164941053,0,False,False,True,False,False,False,False,True
17.269010260174515,166.54426442615386,4.078686062696484,200.0,0,False,True,False,False,False,False,False,True
48.46465606689453,75.16201782226561,-424.366844,1046.2,1,False,False,True,False,False,False,False,True
21.15729382927177,219.7201619919306,-7.191389891586834,808.1069010088823,0,False,False,False,True,False,True,False,False
14.854452553465835,355.55384294498083,2.4548747581912567,2346.753535202946,0,False,True,False,False,False,False,False,True
33.211696413,302.03416951,289.05876444,4642.5863715,1,True,False,False,False,False,True,False,False
6.688481431369476,250.1934790055553,-0.07654924586497779,1937.2716740616531,0,True,False,False,False,False,True,False,False
13.87849009172836,294.4681286828624,-6.048205093456027,2346.753535202946,0,False,False,True,False,False,False,True,False
19.755759877612615,82.10871790161569,-5.311967640734399,741.5179106022771,0,True,False,False,False,False,True,False,False
7.908896583832638,141.79118603549705,-0.5007703823997639,2346.753535202946,0,False,True,False,False,False,False,False,True
19.25571803897521,292.67486593779364,-0.9144822055242008,2346.753535202946,0,False,True,False,False,False,True,False,False
8.42824290986816,248.20738888941565,-3.0285746150166917,1073.997812735231,0,False,False,True,False,False,False,False,True
33.38044107877291,204.56980426494889,-13.125013153846153,1811.153846153846,1,False,False,True,False,False,True,False,False
17.285611131094576,337.4022554051224,0.7085845681995238,484.48593457516154,0,False,True,False,False,False,False,False,True
8.489734530613237,321.8757133244884,0.2832496244855358,1531.900572255129,0,True,False,False,False,False,False,False,True
12.337592407050545,147.9702491304137,4.9286499783993145,2252.9029584917243,0,False,False,False,False,True,True,False,False
27.737838745117188,85.04452768961589,-113.51916266666669,1376.3333333333333,1,False,False,False,True,False,False,True,False
39.30528798237263,193.73118402754227,-342.9065777651076,1064.512738256548,1,False,False,True,False,False,False,False,True
9.79977756651508,303.901361628911,10.307517883181989,200.0,0,True,False,False,False,False,False,True,False
12.995298477867351,191.22103008037152,-0.8509231126246422,1717.8804568746102,0,False,False,True,False,False,False,True,False
11.867430622753915,221.9941132274657,0.8520811118774385,1439.4844175335616,0,False,True,False,False,False,True,False,False
50.674103207058366,178.51779683430993,112.3206846666667,1750.111111111111,1,True,False,False,False,False,True,False,False
2.43359877671101,301.3247982109219,-1.0179018005118088,2119.9629496512553,0,False,False,True,False,False,False,True,False
23.080600624992734,108.72891253516786,18.73719830357143,855.6428571428571,1,False,False,True,False,False,True,False,False
22.0,99.65800700461857,6.191415357168178,1008.3499262294195,0,False,False,True,False,False,False,True,False
3.9625838271938623,222.53606435452286,-0.8647302996171149,2252.7482893927063,0,False,False,False,True,False,False,False,True
19.749672025087698,14.262777125408572,-4.865344704407778,200.0,0,False,True,False,False,False,False,True,False
30.54343566894531,224.5387641906738,-2.9520692000000004,4021.75,1,True,False,False,False,False,False,False,True
18.843157787661745,98.93017279732899,-1.7658314640534418,1200.1606527555477,0,False,False,False,True,False,True,False,False
43.29751561942245,191.43352104386585,-63.443377753925084,717.8916475315604,1,False,True,False,False,False,False,False,True
3.2063025678844284,34.392712980480546,6.587987678039799,2346.753535202946,0,False,False,True,False,False,True,False,False
26.897121169350363,89.23388810591264,-44.08376104545455,513.2727272727273,1,False,False,True,False,False,False,False,False
12.234902968823711,38.47569231410778,-4.231783274954368,1994.4995111534959,0,True,False,False,False,False,False,True,False
34.398530189683605,136.16637137560224,328.77377380653735,2203.3895661006236,1,False,False,True,False,False,False,False,True
36.255406698,256.52471415,45.309569111,4487.7838542,1,True,False,False,False,False,False,False,True
42.2262697421396,155.31579336921294,154.19228057173964,432.41847483053806,1,False,False,True,False,False,False,False,False
15.120599085260775,351.7827063196742,4.567923131166247,953.3679087622808,0,False,False,True,False,False,False,False,True
35.11938815646701,296.90171305338544,51.65296,2940.481481481481,1,True,False,False,False,False,True,False,False
10.815906966299956,314.4323657093978,-3.2567844689591454,1575.1751708775912,0,False,False,False,True,False,True,False,False
5.111653160214544,312.578101947017,4.302367441798727,1346.5851353430485,0,False,True,False,False,False,False,True,False
38.924688551,86.026110331,141.51135244,2231.8364529,1,True,False,False,False,False,True,False,False
9.482621729419003,172.77798049816445,1.9590200270127325,1237.4871984968647,0,False,False,False,True,False,False,True,False
49.328309377,118.42128923,134.06468489,872.48766412,1,False,False,True,False,False,False,False,True
42.96261405944824,162.84230041503906,73.08984,2442.5,1,False,False,False,False,True,False,False,True
40.574465858,97.471321954,-228.10578021999999,2154.2006565,1,True,False,False,False,False,True,False,False
36.3467820485433,198.06991831461588,275.03978,787.0,1,False,False,True,False,False,False,False,True
12.856841405949853,194.8559683233997,6.180465876052187,614.4576710742782,0,False,False,False,True,False,False,False,True
19.206366445330577,210.7275711828308,5.120312629057312,1817.7152643278646,0,False,True,False,False,False,True,False,False
56.893426683,118.3053894,6.2576551111,2065.9814996,1,True,False,False,False,False,True,False,False
11.904918960486556,81.81706581473453,-5.079109094891985,484.992859118408,0,False,True,False,False,False,False,True,False
26.305618047714237,143.4917392730713,-97.74004874999999,587.625,1,False,False,True,False,False,False,False,True
13.252464251729382,11.953119164891962,-3.0280776986843203,1673.8769257049023,0,False,False,False,False,True,True,False,False
12.301151049705132,286.7534247514235,0.802869905249323,2346.753535202946,0,False,True,False,False,False,True,False,False
35.82572517731473,224.06447554360233,133.44403874630666,1190.1850906858435,1,False,False,True,False,False,False,False,True
13.480601385322881,234.60005713531862,0.3223720740506012,712.5774257241928,0,False,False,False,True,False,False,True,False
27.86625385284424,149.8041534423828,-431.28064,1690.0,1,True,False,False,False,False,False,False,False
32.88312110242411,193.85671875833913,-338.2889715872246,1504.1749962151034,1,True,False,False,False,False,True,False,False
12.458803882677511,29.65717642170337,0.14090578684564123,1702.516509033602,0,False,False,True,False,False,False,True,False
8.614191442439441,265.84171533047754,-3.736058395739117,2346.753535202946,0,True,False,False,False,False,True,False,False
49.45972900390625,194.46183166503909,-328.7517312,1521.2,1,False,False,True,False,False,False,True,False
46.61039320627848,136.04776509602863,35.04119841666667,2056.083333333333,1,True,False,False,False,False,False,False,False
49.243693458,151.4434611,93.38430444400001,1533.8796251,1,True,False,False,False,False,True,False,False
36.6656060218811,82.38287544250488,-82.978318,1646.25,1,True,False,False,False,False,True,False,False
9.371224891596196,336.3969696499851,-7.815954043483285,1225.8058373922493,0,False,False,False,False,True,False,True,False
44.175689814991244,175.80415734513363,-140.8282744244073,936.4148496530065,1,False,False,True,False,False,True,False,False
38.038113594055176,241.97910690307617,-127.2593635,932.5,1,False,False,True,False,False,False,False,True
8.083733538318814,172.98250101281843,5.982857508322457,1843.0861749415253,0,False,True,False,False,False,False,False,True
4.403150170229933,61.11284583151467,8.634819256167026,2211.8193370213935,0,False,False,True,False,False,False,False,True
14.609707828084488,31.63193969214001,-3.3453636932995825,2346.753535202946,0,True,False,False,False,False,True,False,False
19.51178526048014,265.27454817990554,-10.609274495042973,1565.890087534163,0,True,False,False,False,False,False,True,False
7.766031409657975,65.56244964793174,0.2850656244854225,1657.5372357653287,0,True,False,False,False,False,False,True,False
46.05160268147787,190.9578603108724,-260.6385536666666,2125.0,1,False,False,False,False,True,False,False,True
29.364418877,174.46335178,35.840264889,3568.2623427,1,True,False,False,False,False,True,False,False
52.807376862,137.78555128,-55.255809938,2089.3857829,1,True,False,False,False,False,True,False,False
5.810922505865754,182.60453112782128,-0.9682972963985905,2346.753535202946,0,False,True,False,False,False,True,False,False
12.051165305097935,40.29106298318204,-2.7559285816426673,2011.7520876189271,0,False,True,False,False,False,False,True,False
10.453938120743928,313.7532502148555,-6.65616476778889,1403.7325325797738,0,False,True,False,False,False,True,False,False
22.751419353622648,100.77855236959248,-230.50155986841395,1114.6175072943915,1,False,False,True,False,False,True,False,False
27.926974932,308.83096653,37.278244111,4549.3734266,1,True,False,False,False,False,True,False,False
45.82308197,188.09582689,192.3973965,2924.9536947,1,True,False,False,False,False,True,False,False
38.68672943115234,187.9659576416016,-136.441474,920.5,1,False,False,True,False,False,False,False,True
57.86491055,121.69872369,-47.710854222,2049.6296522,1,True,False,False,False,False,True,False,False
41.67562739054362,175.53412373860678,-35.75600933333333,1092.3333333333333,1,False,False,True,False,False,False,False,True
33.4248685836792,61.242794036865234,-338.042048,2196.5,1,True,False,False,False,False,False,False,False
17.79297789503702,11.371012137231133,2.299860714695582,2346.753535202946,0,True,False,False,False,False,True,False,False
12.86590462925591,82.24370687926753,-1.8247636477144265,556.1142460043545,0,False,False,True,False,False,False,False,True
29.292747215774735,215.96539366385568,-65.54829800448356,776.0265463538842,1,False,False,True,False,False,False,False,True
44.21783541171932,156.78956827147329,-188.80706134869536,2262.318860407809,1,True,False,False,False,False,True,False,False
45.85354699,169.09820048,69.309522667,1768.0617405,1,False,False,False,False,True,False,True,False
48.137546115,175.5536872,-52.481875167000005,1617.3179118,1,True,False,False,False,False,True,False,False
13.218436057459561,156.8099933326559,-2.6452633867314743,222.70519538827193,0,False,False,False,False,True,False,False,True
15.397988744673379,327.25170743963076,1.9057919244138888,2346.753535202946,0,False,False,True,False,False,False,True,False
9.278086377374088,120.64278753329108,-9.968678212857276,1484.1973602066098,0,False,False,False,False,True,False,False,True
15.95831346981468,17.35633398980017,1.8368275340808904,2346.753535202946,0,False,False,False,True,False,True,False,False
43.280948215,309.24114312,8.333370722199998,4603.0,1,True,False,False,False,False,True,False,False
8.423481453700159,257.69698728555187,3.7667081055226626,200.0,0,False,False,False,True,False,False,False,True
12.026218498590916,255.25665422007577,2.4236640864723737,442.01659001096596,0,False,False,True,False,False,True,False,False
48.318114995956414,175.77733039855957,-141.17985252083335,960.2083333333331,1,False,True,False,False,False,False,False,True
17.154997612479754,124.51790050306442,3.5405433834429525,2346.753535202946,0,True,False,False,False,False,True,False,False
20.48010095,238.35524326,125.61738356000001,4469.6142578,1,True,False,False,False,False,True,False,False
45.030774858,300.61964586,28.230657778,2371.6419542,1,True,False,False,False,False,True,False,False
25.217291832,215.55509271,195.69069422,3324.0123155,1,True,False,False,False,False,False,True,False
14.020254284072692,304.12196212207954,7.45363068424976,778.0938029489773,0,False,False,True,False,False,False,True,False
16.497999377166252,50.27445171227264,-1.861033880355265,1864.1436086294175,0,False,False,False,False,True,False,True,False
33.33820271026513,148.02794506828178,5.023517106861838,1693.0150374217403,1,False,False,True,False,False,True,False,False
15.431300951872567,328.45080442200873,1.544165062994819,1566.2755468050725,0,False,True,False,False,False,False,False,True
35.517037921,274.17293125,266.85874311000003,4356.8272027,1,True,False,False,False,False,True,False,False
31.0979370704064,119.15804642897386,-46.41216341826923,623.6923076923077,1,False,False,True,False,False,False,False,True
37.663254737854,233.41226959228516,-369.000024,724.0,1,False,False,True,False,False,False,False,True
40.430790795,289.99445936,38.693372139,4400.3549262,1,True,False,False,False,False,True,False,False
9.00303677277989,333.7324361266704,-1.2617675106314379,2346.753535202946,0,False,True,False,False,False,False,False,True
18.53571377141214,179.59973524248818,-4.4240135701345045,1171.7064374471452,0,True,False,False,False,False,True,False,False
36.273231506347656,237.18956909179687,-102.81650979999999,972.8,1,False,False,True,False,False,False,False,True
10.494481522053556,123.073979773927,3.0456906045358854,1809.9237909242092,0,False,False,True,False,False,True,False,False
23.002728223800656,168.46526718139648,-75.0594605,1790.0,1,True,False,False,False,False,False,True,False
47.78560808,96.318543328,192.98975088999998,2027.4383138,1,True,False,False,False,False,True,False,False
44.38148880004884,179.03305053710935,-57.958494,907.5,1,False,False,True,False,False,False,False,True
10.327493820795258,92.92803577240592,0.07344097364598547,2335.488451001167,0,False,False,False,False,True,True,False,False
12.872889064159194,225.43931578730954,-1.6854298555901968,1390.6260740532703,0,True,False,False,False,False,True,False,False
9.654121739476476,98.14464026407215,-3.34072042769497,1841.6423111285699,0,True,False,False,False,False,False,False,True
13.613592801690448,223.01652456346122,0.8822077763861259,1629.2684952968177,0,False,False,False,True,False,False,False,True
9.199094799015153,242.43567599697025,-5.5980871664450556,280.2270186945136,0,False,False,True,False,False,False,False,True
12.122550871294713,218.84583340564006,0.10396853837703947,1407.3086387165627,0,False,False,True,False,False,False,True,False
16.57701058851037,151.10183409340402,0.05176309921690304,200.0,0,False,False,True,False,False,True,False,False
16.12708174494015,178.98291504303384,-0.13757452525318128,593.4851923648506,0,False,False,False,False,True,False,True,False
54.014770801250734,167.93880932147687,-8.9996855,1588.8846153846155,1,False,True,False,False,False,False,False,True
6.878061793328551,60.342917863794355,12.790996428341263,200.0,0,False,False,False,False,True,False,True,False
7.855024945389639,72.66724276426142,-2.4442471089313704,200.0,0,False,False,False,True,False,False,True,False
2.201649380601122,194.39473669770797,-7.068572484524901,1921.1012525659507,0,False,False,True,False,False,False,True,False
19.267670385786584,231.687970270749,-3.7839754428473036,2346.753535202946,0,False,False,True,False,False,True,False,False
9.640340671052833,224.2679700828538,1.2037658974428413,864.787455849566,0,False,False,False,True,False,False,True,False
42.4265933579578,137.92299333579248,-428.857997811432,4130.450097235899,1,True,False,False,False,False,True,False,False
6.987353176810956,26.35053255663971,0.30839924923985823,2346.753535202946,0,True,False,False,False,False,True,False,False
5.398833964896789,112.07077169616132,0.5663520526888223,564.3283880910649,0,False,False,True,False,False,True,False,False
12.55461294854933,267.6629722649788,1.8702828492378607,1372.1379682841916,0,True,False,False,False,False,False,True,False
43.613314311,176.82611254,121.02881733,1956.9753011,1,False,False,False,False,True,False,True,False
20.01733016967773,87.03191248575847,-70.91954833333332,1275.1666666666667,1,False,False,True,False,False,True,False,False
25.701721191,195.96568468,-79.40844333300001,3675.1142307,1,True,False,False,False,False,False,False,True
49.538972218831375,200.46062215169272,-69.59987333333333,1497.6666666666667,1,True,False,False,False,False,True,False,False
25.92536672,229.46404351,87.58578355599998,4511.8580729,1,True,False,False,False,False,True,False,False
11.42730077373691,65.21376583248491,-2.2366094782937562,2346.753535202946,0,True,False,False,False,False,True,False,False
42.32861010233561,129.1144142150879,292.678908,827.3333333333333,1,False,True,False,False,False,False,False,True
12.56758672625624,162.7916501820367,0.44203443145923677,1917.5443813709146,0,False,False,False,False,True,False,True,False
38.33606719970703,157.75861104329428,-155.9988051666666,1605.3333333333333,1,True,False,False,False,False,True,False,False
29.79114068723874,248.9357844470092,188.67057135660016,745.6310837117587,1,False,False,True,False,False,False,False,True
25.50920032987408,265.0707469267004,-34.90571488112745,1443.8921568627452,1,False,False,True,False,False,False,False,True
12.065009459389534,162.83458242658804,4.9802384290290815,1712.8955621664686,0,False,True,False,False,False,False,True,False
29.478448656,161.29719374,35.550114222000005,2048.8919406,1,False,False,True,False,False,False,True,False
8.998915614206027,337.17804922618615,-2.266140246636376,1755.0894542642366,0,False,False,False,True,False,False,True,False
11.421758588058797,346.6771213892381,5.456550602971345,200.0,0,False,False,False,True,False,False,False,True
33.85772260030111,160.06318918863934,-12.120994666666666,1347.8333333333333,1,False,False,True,False,False,False,False,True
57.3170280456543,205.337890625,378.4808853333333,1855.0,1,True,False,False,False,False,True,False,False
38.664650175,170.40501912,-111.19671610999998,3496.6882867,1,True,False,False,False,False,False,False,True
12.435235341190856,249.7256012813359,2.682549217852018,2116.7351737093977,0,True,False,False,False,False,False,True,False
7.958508573224242,323.2909976219953,8.123392292347802,2346.753535202946,0,False,False,False,False,True,False,False,True
11.038195176094387,42.23094802646201,2.184690848731749,1948.2828048717993,0,False,True,False,False,False,False,False,True
38.22349592049917,274.72224680582684,-69.62996406770833,917.125,1,False,False,True,False,False,False,False,True
41.70797938108444,231.62567138671875,-66.554759765625,2692.21875,1,True,False,False,False,False,False,False,True
61.19998550415039,147.54115804036462,-97.4383493333333,1331.6666666666667,1,False,True,False,False,False,False,False,True
0.0,58.9045756290009,-0.8747987834770431,1005.1427838213489,0,False,True,False,False,False,False,False,True
19.66369456501289,310.8001138458571,0.4307194152318738,1067.7798333004382,0,False,True,False,False,False,True,False,False
52.240517616271966,202.5561065673828,-700.737696,1999.25,1,False,False,False,False,True,False,False,True
10.737159243034199,13.201713696075469,-2.821237993286943,200.0,0,False,False,True,False,False,False,False,True
39.65195249474567,253.84988888426,-107.67138088043478,1120.3695652173913,1,False,False,True,False,False,True,False,False
49.25328750610352,326.5500244140625,-37.870022399999996,2160.2,1,False,False,False,True,False,False,True,False
50.535063426,108.15418582,266.67860711000003,2005.4629991,1,True,False,False,False,False,True,False,False
42.118277232,182.09759861,-13.426933,2395.97838,1,True,False,False,False,False,False,False,True
31.76126527555249,168.75905764741844,-47.383067468546024,1041.9179710802782,1,False,True,False,False,False,False,False,True
39.87642153571634,189.028096816119,54.42353964705882,1572.4117647058824,1,False,False,True,False,False,False,False,True
44.7893443637424,106.34857432047527,-131.598966,1930.3333333333328,1,False,False,True,False,False,False,False,True
16.875598667088756,316.26560206848524,-12.121201301364708,2241.431211535974,0,True,False,False,False,False,False,False,True
26.87625503540039,282.2286376953125,-118.438748,894.5,1,False,False,True,False,False,False,False,True
41.952654838562005,117.05185581075735,-56.95442581248316,1669.3103448275863,1,True,False,False,False,False,True,False,False
21.795278509457905,240.0092283884684,-28.649857145833327,803.7916666666665,1,False,False,True,False,False,False,False,True
43.841981676,199.11069234,45.895039222,2192.9752875,1,False,False,True,False,False,False,False,True
15.837173645764544,316.30679508785687,8.195584027220338,630.6110064923884,0,False,False,False,False,True,False,False,True
55.941456689,159.46853299,-143.593732,2183.3950467,1,True,False,False,False,False,False,False,True
10.361689267011158,82.78365812079103,2.6484637717836543,350.94469409496605,0,False,False,True,False,False,False,False,True
46.970360226,105.93602159,50.513060667000005,2108.5894911,1,True,False,False,False,False,True,False,False
14.310517371316354,20.551268192153348,-0.01687228705476026,2346.753535202946,0,False,False,True,False,False,True,False,False
12.409370696931612,151.81953367444396,2.931820093775466,1451.1572660723805,0,False,True,False,False,False,False,False,True
4.682425259339407,11.20826983842409,2.4325082191310097,1648.94905286747,0,False,False,True,False,False,True,False,False
26.26879253387451,106.09371337890624,-245.375536,568.0,1,False,False,True,False,False,False,False,False
17.714114072575104,72.18890161212121,-12.769605674509775,2006.9207587956157,0,False,True,False,False,False,False,False,True
31.33259677886963,139.88107299804688,-183.959352,633.5,1,False,False,True,False,False,True,False,False
15.93542301871226,254.33126153528443,-3.767089351730917,648.8827621844893,0,True,False,False,False,False,False,False,True
9.682911535937688,306.2094224739271,2.844915395926377,1535.4082590347193,0,False,False,False,False,True,True,False,False
18.96800208091736,38.21013927459717,-257.220444,738.75,1,False,False,True,False,False,False,False,True
30.109634226018727,207.69474931196729,-153.4903758181818,1761.0454545454545,1,True,False,False,False,False,False,True,False
10.82923312638332,244.08581492126288,-0.4414102417562741,254.55137064249243,0,False,True,False,False,False,False,False,True
44.987089793,215.19589572,239.67861733,3087.6203885,1,True,False,False,False,False,True,False,False
34.02887615582622,256.5699056181925,-73.82547662987587,885.5460992907801,1,False,False,True,False,False,True,False,False
14.008558610494706,172.50547594670314,-14.606752417473038,1123.2408489477862,0,True,False,False,False,False,False,False,True
5.099492708925543,34.45723998725822,-0.11434031149441061,1830.8875057268533,0,False,False,False,True,False,False,True,False
14.483570765056164,173.0111678375933,4.819395583974549,1996.207301996203,0,False,True,False,False,False,True,False,False
51.30114377525253,158.27672756990756,107.91116551238956,647.9713889236388,1,False,False,True,False,False,False,False,True
10.67671583381022,189.50495793700077,-7.109053333709219,2096.2009173919328,0,False,False,True,False,False,False,True,False
27.01693153381348,246.12389278411865,25.513017875000003,2310.8125,1,True,False,False,False,False,True,False,False
32.422342427571614,107.15172262191771,-60.81004110416666,698.35,1,False,False,True,False,False,False,False,True
40.304924859,286.24936591,79.620184111,4499.6171875,1,True,False,False,False,False,False,False,True
38.142897265298025,191.8333293369838,-200.13404235714287,2035.071428571429,1,False,False,False,True,False,True,False,False
21.512290954589844,108.65606689453124,-222.487344,2728.0,1,True,False,False,False,False,True,False,False
32.503166092766655,175.195499420166,-97.28084149999998,1499.8333333333333,1,False,False,True,False,False,False,False,True
19.376781084747762,161.52970414411104,-4.051262185071905,1814.2807300543395,0,False,True,False,False,False,False,False,True
47.129038917,270.9704149,247.82300844,4494.4907769,1,True,False,False,False,False,True,False,False
8.20433669223151,126.58416740626839,4.415548885735795,1140.5412842572923,0,False,False,True,False,False,False,True,False
31.94802263,131.99617852,115.46412844,1990.8549262,1,True,False,False,False,False,False,False,False
13.160249686788182,2.0731177793237654,-6.782909023117026,2346.753535202946,0,False,True,False,False,False,False,True,False
35.795506583,306.90535482,-260.86977422,2748.5247396,1,True,False,False,False,False,True,False,False
35.817365223,242.68657091,174.38659288999997,1056.3858032,1,False,False,True,False,False,False,False,True
9.053176215278942,163.70634802818927,6.105168477626764,2021.1555367498302,0,False,False,False,True,False,False,True,False
6.935844398327881,222.70009615746636,-3.2463877253300355,1489.6617142341572,0,False,False,False,True,False,True,False,False
26.469086965,162.36072032,-185.12416178,1509.9413656,1,False,False,True,False,False,False,False,True
50.503912184,120.93289778,-20.617848888999998,3033.9969076,1,True,False,False,False,False,False,False,True
39.744684855,274.55593194,-2.9322270833,4358.8179253,1,True,False,False,False,False,True,False,False
18.189081559867308,245.20242742739381,6.405081808675565,1379.3383367995198,0,False,False,False,True,False,True,False,False
42.10983022054037,178.84041341145834,-180.48021066666664,2216.333333333333,1,False,False,True,False,False,False,True,False
9.46528412314435,43.275259933419036,-6.2714471158462475,2229.8538829155355,0,False,False,False,False,True,False,True,False
8.400778958026457,335.53011798360626,-1.5820422484740095,200.0,0,True,False,False,False,False,False,True,False
54.874000884612656,128.53654366994704,-127.63395337954155,1985.3741613356403,1,True,False,False,False,False,True,False,False
33.258218977,182.76042684,34.764303444,1170.4228244,1,False,False,True,False,False,False,False,True
40.304924859,286.24936591,79.620184111,4499.6171875,1,True,False,False,False,False,False,False,True
43.408995734,171.08817546,-70.626457722,2040.2376573,1,False,False,False,False,True,False,True,False
12.498256825438206,141.29768030640653,-2.7312222412624134,200.0,0,False,True,False,False,False,False,False,True
30.41707801818848,91.65997695922852,-68.74874,2664.0,1,True,False,False,False,False,True,False,False
57.09408866,128.66777378,-48.373276333,1995.1851942,1,True,False,False,False,False,True,False,False
14.06390463468249,194.86668070838536,0.6826766554136873,2346.753535202946,0,False,False,True,False,False,True,False,False
7.80139078909612,87.65362676746774,1.6153963655801453,1066.4969841683007,0,False,False,False,False,True,False,True,False
15.794846102466337,261.09275774944916,-6.484159739779233,1661.1406630068225,0,False,True,False,False,False,False,True,False
43.15246794,188.71248372,28.72074,3810.2623698,1,True,False,False,False,False,False,False,True
38.57307061282072,137.53947587446734,-23.857601727272726,1894.4545454545453,1,False,False,True,False,False,False,False,True
33.262231004649195,220.42549554232892,-46.35334468965517,1205.7241379310344,1,False,False,True,False,False,False,False,True
28.86240604945592,220.63894653320312,-77.65602614285714,1382.428571428571,1,True,False,False,False,False,True,False,False
45.44174385070801,120.7913818359375,-332.6346720000001,2090.5,1,True,False,False,False,False,True,False,False
47.463575575,167.21416558,26.463290667,3553.0864529,1,False,False,True,False,False,False,False,True
28.70149397850037,48.42273712158203,-41.22021624999999,1645.0,1,False,False,False,True,False,False,False,True
36.88251717885336,112.23483657836914,202.20096,1247.0,1,False,False,True,False,False,False,False,True
16.656400595580994,223.52958639629176,4.7835115839729205,2155.923277650174,0,False,False,False,False,True,False,True,False
27.789340973,105.96667226,-62.154504222,2187.3271213,1,True,False,False,False,False,True,False,False
12.025567283212304,311.1689699422693,-4.6966769690937715,2346.753535202946,0,False,False,False,True,False,True,False,False
28.892326037,267.88892365,368.00815288999996,4600.3950195,1,True,False,False,False,False,True,False,False
43.8447519938151,192.7691192626953,-690.239072,1233.0,1,True,False,False,False,False,False,False,True
44.468024784,259.71700033,236.060096,2038.0648193,1,True,False,False,False,False,True,False,False
36.07163333892822,99.42162704467773,178.56226,1227.5,1,False,False,True,False,False,False,False,True
17.349284172058105,194.779182434082,-272.881352,579.5,1,False,False,True,False,False,False,False,False
5.359069755507847,280.7443422544117,-0.5561303067435016,2346.753535202946,0,False,True,False,False,False,False,False,True
42.14139684,227.49454414,17.417922333,3372.5308431,1,True,False,False,False,False,True,False,False
29.320744482676183,200.88952534993487,-127.96732453333331,1744.6666666666667,1,False,False,False,False,True,False,True,False
8.257567317217232,318.3143268054268,2.261858981248669,1011.357367129583,0,False,False,False,True,False,False,True,False
10.44866621703272,335.14153038251203,2.3438712803751187,1790.7102608329221,0,True,False,False,False,False,False,False,True
35.137825224,168.22612847,-203.15058,1648.0123562,1,True,False,False,False,False,True,False,False
16.067586086848348,87.13620571050988,-0.1365226975496593,200.0,0,False,False,False,True,False,False,False,True
13.120462409052084,136.87042276290853,-11.814662177709192,1829.181285539639,0,False,True,False,False,False,False,False,True
9.749672642603782,204.23239906640526,-3.21774916158731,1771.7479909367892,0,False,False,False,True,False,False,True,False
33.17394764174098,151.94068954752476,48.48405716762421,1447.7983614532864,1,False,False,True,False,False,False,False,True
44.60976219177246,166.25908660888672,-228.238824,735.0,1,False,True,False,False,False,False,False,True
16.81688064622161,18.70966211453007,10.066936237633115,2026.5007136142888,0,False,False,False,False,True,False,False,True
31.91167236143543,217.92588978428995,-147.21706735080645,2322.258064516129,1,True,False,False,False,False,False,False,True
12.105019208163796,205.4195087899787,-2.285481282931359,2346.753535202946,0,False,False,False,True,False,False,True,False
39.836405648,141.08329264,65.133694889,4147.0401476,1,True,False,False,False,False,True,False,False
20.827271201405484,278.45032524717624,-0.6047407430389079,2333.38585941422,0,True,False,False,False,False,False,False,True
30.96030819515848,128.3395390046642,-42.37081338150033,430.47618670555977,1,False,False,True,False,False,False,False,False
52.558352576,107.20350732,-17.975701333,1962.6481527,1,True,False,False,False,False,True,False,False
44.036753337,141.4130639,-70.30649975,2350.3981662,1,True,False,False,False,False,True,False,False
47.757174809773765,150.95472462972006,29.520427666666667,923.6666666666665,1,False,False,True,False,False,False,False,True
40.15701432118596,136.82284979471555,-10.479757758796264,461.4646150639031,1,False,False,True,False,False,False,False,True
14.712800217929823,237.04266047703317,-2.767941208539973,507.52305476247807,0,True,False,False,False,False,False,False,True
10.829315215254097,203.6635070384848,12.898546688271594,2290.7995458376286,0,True,False,False,False,False,False,False,True
42.543979221,180.83039008,-39.642329583,969.87653944,1,False,False,False,True,False,False,True,False
40.624218835,161.06774055,-109.27246489,3792.888916,1,True,False,False,False,False,False,False,False
11.63994939209833,175.91154854567966,0.40914679273782506,989.0287063849443,0,True,False,False,False,False,False,False,True
7.988613653891905,279.57486700502704,6.093809258486583,2346.753535202946,0,False,False,True,False,False,True,False,False
35.14136490455041,199.62521244929388,-47.40957685576923,1464.076923076923,1,False,False,True,False,False,False,False,True
11.820869804450242,153.42526880495026,-3.3404522682152438,1353.593922485979,0,False,False,False,True,False,False,True,False
11.90743432003805,217.24149361729604,2.1440825016528646,1559.2596772247437,0,False,False,False,True,False,True,False,False
47.583229064941406,193.15856170654297,253.439792,2538.875,1,True,False,False,False,False,True,False,False
49.94853101457869,150.1622379847935,53.48259458928572,2611.857142857142,1,True,False,False,False,False,True,False,False
6.15660981190234,154.91012216380656,-7.424489842249518,1153.89284406152,0,False,False,True,False,False,False,False,True
13.305276360899446,132.669483740554,-9.877332831769357,1203.4056415054501,0,True,False,False,False,False,False,True,False
45.454026116,245.09909566,-34.4688,4545.7160373,1,True,False,False,False,False,False,False,True
13.732241047484878,28.288258975807466,9.130048567734681,1107.374771179501,0,False,False,False,False,True,True,False,False
43.248066604501766,151.16367401882712,33.433024404569345,1188.3018755379464,1,False,True,False,False,False,False,False,True
44.364261203,24.931606081,-197.332012,4419.4814996,1,True,False,False,False,False,False,False,True
36.97314357757568,137.5032730102539,335.515552,1614.5,1,False,False,True,False,False,False,False,True
15.450719958555563,9.231143690316848,2.1827990207883388,1151.8938340986174,0,False,False,False,True,False,False,True,False
10.393070791735033,240.3336188028905,-1.406637785591067,1344.7537047436679,0,False,False,False,False,True,False,False,True
53.379837884,117.67429352,248.39995556,1992.7191569,1,True,False,False,False,False,True,False,False
44.323433346,318.59216309,64.902856,4363.8055013,1,True,False,False,False,False,True,False,False
13.620419846973975,108.34688410085386,0.960245582450158,1591.8357694818312,0,False,False,True,False,False,True,False,False
6.711445355220498,353.22702408987243,0.3800269570620575,2346.753535202946,0,False,False,False,False,True,True,False,False
38.658762614,226.71680535,80.584747472,4521.2407227,1,True,False,False,False,False,True,False,False
24.15366141,263.85192193,192.36274258,4402.3425564,1,True,False,False,False,False,True,False,False
41.326343154907214,95.54293823242189,-101.2322648,1199.4,1,True,False,False,False,False,True,False,False
25.289329105,183.10639275,207.83652788999999,4615.6975911,1,True,False,False,False,False,True,False,False
12.984306179345618,38.513029977705024,-4.519538207323949,2346.753535202946,0,False,True,False,False,False,True,False,False
30.773349126,310.79803467,89.94238577799999,4601.6142036,1,True,False,False,False,False,True,False,False
47.626317626551575,212.21943825169612,-187.08632336842103,1712.3684210526314,1,False,False,False,False,True,False,True,False
9.60412881077355,269.8746594274529,-5.5168330308693685,2346.753535202946,0,True,False,False,False,False,False,False,True
12.062962003908975,143.57620112288419,-5.048653523549688,1106.2492681305416,0,False,False,False,True,False,False,False,True
21.380854196079433,92.43956437938286,15.965537839224305,1060.7501263822862,0,False,True,False,False,False,False,False,True
10.039459234339212,76.71769344903,-0.3524938902954561,927.716483259388,0,True,False,False,False,False,False,False,True
10.827064333124266,170.35556640896058,-0.7204377786080773,1005.0184527344006,0,False,False,False,True,False,False,True,False
32.941436344,157.95101081,37.954517667000005,4533.0895725,1,True,False,False,False,False,True,False,False
43.266841888,181.30348036,151.67324822,913.63579644,1,False,False,False,True,False,False,True,False
14.524936394902285,58.868594130608194,5.983157433228255,1059.037656454971,0,False,False,False,False,True,False,False,True
36.908766429,228.05510966,128.96665556,2665.2993435,1,True,False,False,False,False,True,False,False
42.504950629,210.64685906,10.312915444,2535.8796115,1,True,False,False,False,False,True,False,False
25.788259744644165,171.94123077392578,-174.84000266666663,353.83333333333326,1,False,False,True,False,False,False,False,False
32.310852051,241.59060838,199.08344266999998,4415.398112,1,True,False,False,False,False,False,False,True
17.896485920319133,219.95315598635702,-0.9357213250227439,1030.4633544325916,0,False,True,False,False,False,True,False,False
9.351198981164806,143.13398326660595,-5.325568315376863,1867.9525497832174,0,False,False,False,True,False,True,False,False
6.61127611035347,47.36436664581353,-8.803813795779089,2346.753535202946,0,False,False,False,False,True,False,True,False
15.759665163433871,176.97403682691728,4.671599556196369,1165.8306576376128,0,False,True,False,False,False,False,False,True
51.036560059,153.29155138,-96.142108778,1422.3302409,1,False,True,False,False,False,False,False,True
18.769361870827062,43.87899360130112,5.4002403285732425,570.2971633820116,0,False,False,False,False,True,False,True,False
13.299413971242117,201.47352605528908,-6.859505714656781,1787.64696070544,0,False,False,False,True,False,False,False,True
41.74630483,174.62932671,-6.697967,1285.5123291,1,False,True,False,False,False,False,False,True
15.282768043169149,37.64442252038409,7.807555983634264,1989.2295219018065,0,False,False,False,True,False,False,True,False
15.58771127897981,60.48511478815083,-0.5903426349553937,846.134271359867,0,True,False,False,False,False,False,True,False
16.11030079997245,255.2617870023299,-1.8266077565605436,801.9267713662781,0,False,False,True,False,False,True,False,False
33.283568382263184,174.84452056884763,-423.001856,834.5,1,False,False,True,False,False,False,False,True
13.465362366493405,204.31470537416092,10.786541066327517,2346.753535202946,0,False,False,True,False,False,False,True,False
19.38084577464896,294.2364512448318,-16.151118668894917,624.9010382716507,1,False,False,True,False,False,False,False,False
10.286427417366152,312.7043404640199,7.653754161718487,2146.530943110362,0,False,True,False,False,False,False,False,True
40.383285522,341.55588108,80.08402852799998,1080.8549262,1,False,False,True,False,False,True,False,False
44.812948015,330.40676202,155.506752,960.74382867,1,False,False,True,False,False,False,True,False
15.238442690503462,296.8851477330537,-2.787458925039168,200.0,0,False,False,False,False,True,False,True,False
43.58614158630371,159.24792896617544,-94.05879163636361,818.9090909090908,1,False,False,True,False,False,False,False,True
3.483087803224226,8.509890976681103,-4.996511161474554,1583.119671350539,0,False,False,False,True,False,False,False,True
13.57123666297637,270.97799024075084,-6.119701333811283,532.2483835166124,0,True,False,False,False,False,False,False,True
31.2673285550709,206.5623258759704,-55.61263496202532,2122.5696202531644,1,True,False,False,False,False,False,False,True
48.767772144741485,154.85581164889865,-142.5598892222222,1650.222222222222,1,False,False,True,False,False,False,False,True
9.696806145201062,36.90350207664453,6.065488499895917,933.145286811066,0,False,False,False,True,False,True,False,False
29.196889877319336,56.891483306884766,-141.838568,1781.5,1,False,False,False,True,False,True,False,False
25.621781667073567,104.09564870198568,-99.55130373333331,1406.6,1,True,False,False,False,False,False,False,True
35.269365221627915,135.09843497745393,340.9318454961282,524.5920097499037,1,False,False,True,False,False,False,False,False
13.785562857558732,98.37342971935536,2.373491164399764,2160.513427160011,0,False,False,False,True,False,False,False,True
33.49731085,261.59880405,-18.752487111,2585.0616591,1,True,False,False,False,False,False,True,False
32.79816780090332,219.0340321858724,-74.06478449166667,1592.2666666666667,1,False,False,True,False,False,False,False,True
44.361897363,20.615549511,127.29813122,3838.3796658,1,True,False,False,False,False,True,False,False
23.501293808220368,127.54866316050555,-119.45206924981728,1846.4599818223555,1,True,False,False,False,False,True,False,False
31.407487819069303,203.50866859837583,-142.257145,647.5789473684209,1,False,False,True,False,False,False,False,True
12.484979824963592,77.64305486317818,3.830401391923451,1006.3119479782309,0,False,False,True,False,False,True,False,False
15.409764856474819,10.93934149086127,-3.0110603018089024,2108.8968148793265,0,True,False,False,False,False,True,False,False
16.85785475477178,85.27340123081355,1.6289815829108323,2346.753535202946,0,False,True,False,False,False,True,False,False
2.0621554269955364,244.97974874689672,-0.04559498322101772,2346.753535202946,0,False,False,False,True,False,False,False,True
38.23619597666973,163.81105742583404,-146.41312004054055,1299.3243243243244,1,False,False,False,False,True,False,False,True
16.248010485105123,185.61457028853008,2.9104885173430786,200.0,0,False,False,False,True,False,True,False,False
14.366188122867724,351.3114920948873,-3.217591151900715,579.3216326410551,0,False,False,True,False,False,False,True,False
33.64648723602295,159.27640533447268,-39.957358,1051.0,1,False,False,True,False,False,True,False,False
51.34667441958473,200.77502296084447,-160.4232160952381,1396.2380952380952,1,False,False,True,False,False,False,False,True
21.450714005,162.3387129,216.27713022,4649.54324,1,True,False,False,False,False,True,False,False
8.996806550405974,299.56830406478707,8.362861934188517,1052.8686177579284,0,False,False,False,True,False,False,True,False
32.658522235022645,164.11668904622397,-114.480509,559.2222222222222,1,False,True,False,False,False,False,False,True
6.645537509694439,88.95716424365273,6.640970709245289,2346.753535202946,0,False,False,True,False,False,True,False,False
31.350111007690433,171.8384017944336,-78.839724,431.5,1,False,False,True,False,False,False,False,True
39.986954159,95.556522793,98.050225278,4522.6388889,1,True,False,False,False,False,False,False,False
12.653702886430457,290.04125506201916,6.041831152965712,2346.753535202946,0,False,False,True,False,False,False,False,True
9.767425239664895,237.1347991803154,7.642342132062659,200.0,0,False,False,True,False,False,False,True,False
36.590758642,142.85241191,-24.976031944,3921.8178711,1,True,False,False,False,False,False,False,True
37.232785967,135.10415904,52.229090889,1846.0216064,1,True,False,False,False,False,True,False,False
5.92905693606134,236.82430965709298,-4.1344017701993,874.7610095134122,0,False,False,False,True,False,True,False,False
9.896773386173205,66.78918565312361,2.999643649981022,434.81201542162535,0,False,False,True,False,False,False,False,True
26.942538059933085,132.2472245122345,-102.86872446478873,513.9859154929577,1,False,False,True,False,False,False,False,True
27.728068882,281.91321818,40.624351444,2973.8364258,1,True,False,False,False,False,True,False,False
9.644808471908386,196.01607526590584,1.4677896608331464,2177.460575363049,0,True,False,False,False,False,False,False,True
32.13572629292806,34.69739786783854,-109.43752266666668,1910.6666666666667,1,False,False,True,False,False,False,True,False
29.158815135126527,179.320440541143,59.1965052173913,763.5217391304349,1,False,False,True,False,False,False,False,True
15.25695625652899,208.32314708606162,5.867369287426625,458.7222293986533,0,False,True,False,False,False,False,True,False
20.162056519658176,238.96962994384984,7.710549762839378,279.34781704327906,0,False,False,False,True,False,False,True,False
45.44857549023245,174.2297572599364,-329.6736123794668,1479.592181772694,1,False,False,True,False,False,False,False,True
28.523429977,325.66144138,147.37625511000002,4594.7222765,1,True,False,False,False,False,True,False,False
15.114249661737494,92.36260213249095,5.149804087905806,2108.00291377871,0,False,False,False,False,True,False,False,True
37.504195743,279.95441013,-53.360038222,4288.7840169,1,True,False,False,False,False,True,False,False
17.193477419,153.98754671,264.19380978,4133.2345378,1,True,False,False,False,False,True,False,False
15.310653372605234,336.19500631004576,7.387650405276308,200.0,0,False,False,False,True,False,False,True,False
36.801191329956055,190.28897857666013,-216.361724,1005.5,1,False,False,True,False,False,False,False,True
36.270374298095696,244.26932525634763,-297.002592,819.5,1,False,False,True,False,False,False,False,True
39.287769741,122.18128798,-30.766613556000003,1268.5740831,1,False,False,True,False,False,False,True,False
6.083707436671125,224.5893568835663,-5.032712826398206,1417.5452756067468,0,False,False,False,False,True,False,False,True
9.671351232148716,312.22591234552885,8.14198311564269,2346.753535202946,0,False,False,False,False,True,False,True,False
17.790554367500338,359.78894127743996,-1.1323944595076336,1563.9700069277349,0,False,False,True,False,False,False,True,False
40.802028005773366,278.55012625455856,-105.43057295454544,3144.9772727272725,1,True,False,False,False,False,False,False,True
19.38947022370758,342.3108824101477,-0.1251347937257196,916.5894547036789,0,False,True,False,False,False,True,False,False
33.451516469,209.40326267,71.175740667,4577.2068142,1,True,False,False,False,False,True,False,False
38.61987628539404,188.61660410563152,-193.559896,299.2,1,False,False,True,False,False,False,False,True
4.849293110196837,170.867115269933,10.030464440795615,2346.753535202946,0,True,False,False,False,False,True,False,False
41.066450119,199.3560418,62.487547778,4295.5463325,1,True,False,False,False,False,True,False,False
55.93696327209473,142.80075225830075,-160.1277935,692.8,1,False,False,True,False,False,False,False,True
13.705759874083219,322.13399618178994,2.683263762636431,439.16251418207366,0,False,False,False,True,False,False,False,True
13.708779878885798,174.91383330707723,-0.9023995679531283,2346.753535202946,0,False,False,False,True,False,False,False,True
9.491214782077318,339.7017312603356,2.789051531759311,200.0,0,False,False,True,False,False,False,True,False
7.507926643258211,289.08932321975885,-2.131787981027717,213.31256527870164,0,False,False,False,True,False,False,True,False
41.7779949506124,145.39652379353842,-22.321402,2266.083333333333,1,False,False,True,False,False,False,False,True
48.13714831215994,189.57522583007807,-259.0980282857143,853.5714285714284,1,False,False,True,False,False,False,False,True
14.369164604558938,72.05408792813164,1.4964629020324596,590.5037961608226,0,False,False,True,False,False,True,False,False
49.283426921,139.59224447,11.152936889000001,3180.8271213,1,True,False,False,False,False,False,False,True
15.57000247046046,78.91703544889596,10.825011724505421,1072.7608061189153,0,False,True,False,False,False,True,False,False
11.627770421169163,11.70942461685069,-1.5123484324406415,977.0727850393389,0,False,False,False,False,True,True,False,False
7.863845282238385,166.85785576820604,-1.8351391954166116,1630.7514904186269,0,False,False,True,False,False,False,False,True
5.7713061064400595,258.91264017801495,5.362536686549011,1159.748562960538,0,False,False,True,False,False,False,True,False
30.990553379058834,106.28533744812012,-153.718836,1756.25,1,True,False,False,False,False,True,False,False
55.23113479614258,178.3089050292969,-158.2562592,1116.2,1,False,False,True,False,False,False,False,True
1.8038391111994976,162.63636434540248,5.699392805645227,776.6477075769278,0,False,False,False,True,False,True,False,False
35.73395309448242,164.48758087158203,-112.6072272,775.7,1,False,False,True,False,False,False,False,True
7.595683217048646,87.01820755004883,-219.960448,605.0,1,False,True,False,False,False,False,False,True
20.97171401977539,69.18088150024414,1.4428120000000002,1324.5,1,False,False,True,False,False,False,False,True
32.171006774902345,208.2861328125,19.150172,3567.4,1,True,False,False,False,False,True,False,False
39.279401143,333.71710205,-121.88209621999995,3748.7932129,1,True,False,False,False,False,True,False,False
22.18493039267404,178.95110212053572,-18.51428142857143,1794.2857142857142,1,True,False,False,False,False,False,True,False
50.314683278401695,113.00990041097003,-18.639486666666667,1847.3333333333328,1,True,False,False,False,False,True,False,False
9.16851135198614,26.080879606041197,-12.955211460724549,560.2587178717793,0,False,False,True,False,False,False,True,False
44.58419545491537,156.4887440999349,-68.39806033333333,960.6666666666665,1,False,False,True,False,False,False,False,True
52.65362548828125,149.2694320678711,229.678472,1049.5,1,False,False,True,False,False,False,True,False
11.722261505516906,231.10974015957575,-2.5238746061410873,2346.753535202946,0,False,False,False,False,True,False,True,False
13.785077429825236,175.98476889249127,-1.1324204942491598,2346.753535202946,0,False,False,True,False,False,True,False,False
38.298570633,296.99116855,132.71464633,4504.1017795,1,True,False,False,False,False,True,False,False
39.447432624,153.32406616,334.67149244,2877.0493978,1,True,False,False,False,False,True,False,False
22.0,133.57395467445699,8.036727880099964,2318.1681105239054,0,False,True,False,False,False,True,False,False
36.17552681224844,155.60582234164397,-320.23070274977187,1255.9155679873031,1,False,False,True,False,False,False,False,True
29.017332501,229.83143785,151.62578178,4649.160536,1,True,False,False,False,False,True,False,False
19.61514928204013,125.2113148447895,-6.8490148978953895,1508.135489882166,0,False,False,True,False,False,True,False,False
6.043482513986757,60.293729613265114,6.50870644699399,1141.7885887086122,0,False,True,False,False,False,False,False,True
10.932764241440763,250.36819440835038,5.8236967722858575,200.0,0,False,False,False,False,True,True,False,False
16.28199397161736,179.35045792313002,2.539178781448119,2346.753535202946,0,False,True,False,False,False,False,False,True
37.08942922,227.76804267,-65.603982444,4541.1697591,1,True,False,False,False,False,False,False,True
42.453251521,163.50706821,290.80428356,3600.0771484,1,False,False,False,True,False,False,False,True
35.71144994099935,157.04645792643228,-92.39799133333331,1261.6666666666667,1,False,False,True,False,False,False,False,True
14.975785127184569,237.1987692837566,6.134666119421538,1725.9074482899157,0,False,False,True,False,False,False,False,True
32.753902435,148.95639208,-3.509408,2584.9475098,1,True,False,False,False,False,True,False,False
12.601478158559495,290.15731791905694,-4.775612896746765,942.2560681222909,0,True,False,False,False,False,True,False,False
37.047187805,164.05304633,98.655186222,3444.8611111,1,True,False,False,False,False,False,False,True
40.101439582,295.70233832,-50.730655806,4272.4197049,1,True,False,False,False,False,True,False,False
17.162326302755734,26.458829038804556,-1.8641657604588349,2235.372050185864,0,False,False,True,False,False,False,True,False
12.916710028691758,2.7226349921311632,-4.766643041293562,2346.753535202946,0,True,False,False,False,False,False,True,False
51.5397211710612,189.09112040201825,84.24104,1327.6666666666667,1,False,False,True,False,False,False,True,False
21.328872555723784,288.2112116792698,3.7104768600465348,1321.6940801493645,0,False,False,False,False,True,True,False,False
47.911933899,131.92601522,122.18887344,1562.4290229,1,True,False,False,False,False,True,False,False
52.64136962890625,195.95929718017575,-207.791859725,1482.4,1,False,False,False,False,True,False,False,True
19.896064077536955,96.13017726099167,-4.018372839848654,1978.1905843412076,0,False,False,False,True,False,False,False,True
17.29212243424794,240.31796374492936,0.8423048813480714,2279.32117627156,0,False,False,False,True,False,False,False,True
13.643755548298422,229.86934115907079,-6.559181161750798,1649.6569183016434,0,False,False,True,False,False,True,False,False
44.52164513987879,182.28030495835887,-23.283107277016132,1196.3118279569892,1,False,False,True,False,False,False,False,True
33.18848673502604,240.66903177897137,-190.322544,3489.333333333333,1,True,False,False,False,False,True,False,False
16.796354130426035,258.524307441538,6.874382095740923,1802.7975801936498,0,False,False,False,False,True,False,False,True
33.555886375,163.02642314,80.205994,3518.3549262,1,False,False,False,False,True,False,False,True
8.991466938853016,2.2989138180600888,-3.5250592787920443,1316.3544583673965,0,False,False,True,False,False,False,True,False
56.206921468427616,199.0272249916466,-451.76077395186877,1707.2412968400404,1,True,False,False,False,False,True,False,False
5.7610840901757525,265.1047254236306,0.9227565159851848,2225.134135387826,0,False,False,True,False,False,False,True,False
37.557007896,211.11202664,113.51997193999999,983.932095,1,False,False,True,False,False,False,False,True
23.449323617276686,223.66798210144043,-147.61780483333334,2146.2619047619046,1,True,False,False,False,False,False,False,True
15.05838144420434,209.58136566345837,-0.7623491819027195,711.6791933468821,0,True,False,False,False,False,False,True,False
15.051851327167324,33.80425768419062,-8.84219682781426,1626.971098135892,0,False,False,False,True,False,True,False,False
43.267223834991455,157.714111328125,-81.854677,1476.375,1,False,False,True,False,False,False,False,True
43.014732785,118.03019206,8.5869546667,4148.4135742,1,True,False,False,False,False,True,False,False
7.092456744760245,97.10986014611626,-4.090994417111536,1561.240545686,0,False,False,True,False,False,True,False,False
8.461652671906096,298.3980117177394,4.662954159365449,309.5858617830304,0,False,False,False,True,False,False,True,False
40.89660453796387,92.16881469726563,-98.84187736000001,1975.48,1,True,False,False,False,False,False,False,True
13.28775195361382,47.24815596565953,-3.0670133177046983,1982.8812790874179,0,True,False,False,False,False,True,False,False
24.434056388,253.45216031,-52.108742667,3609.3271484,1,True,False,False,False,False,True,False,False
35.739578671,282.6970893,-117.14670756,4544.7098524,1,True,False,False,False,False,False,False,True
46.50729370117188,184.24139404296875,-127.1522648,1143.4,1,False,False,True,False,False,False,False,True
10.959388748213623,230.08317761358012,-5.120934121646024,1802.0657373737329,0,True,False,False,False,False,True,False,False
13.161268485805017,47.777671455501725,-2.439557040728513,1944.2182789315111,0,False,False,True,False,False,True,False,False
17.444752984836832,227.3616792333074,13.008415570901976,1709.8377305535582,0,False,False,False,False,True,False,True,False
18.527394035771646,312.80579441233857,8.30629607273935,620.7924348698484,0,False,False,False,False,True,False,False,True
37.475738525,179.45042759,24.707729056,3914.2406955,1,True,False,False,False,False,False,False,True
34.09428475119851,90.01842568137431,-90.91601390909089,666.7272727272727,1,False,False,True,False,False,False,False,True
16.843224952664446,147.36024227341548,-0.9348565149272301,200.0,0,False,True,False,False,False,True,False,False
35.547865126,271.40871006,-215.07798044,1854.3055284,1,True,False,False,False,False,True,False,False
43.998753018,144.19196404,-12.959670417,1334.5926107,1,False,False,True,False,False,False,False,True
44.623677889506006,136.81510628594293,-139.47958766666662,1177.2777777777778,1,False,False,True,False,False,False,False,True
27.941216468811035,223.57743835449216,20.880435333333327,800.1666666666665,1,False,False,True,False,False,False,False,True
12.923169292661521,252.88738939587742,8.558542400711717,2346.753535202946,0,False,False,False,True,False,False,True,False
6.661897853087028,346.65367508552873,-1.6738766605327042,1898.3250618897623,0,False,False,True,False,False,True,False,False
45.5541623433431,189.508290608724,-78.00045866666667,1376.6666666666667,1,False,False,True,False,False,False,True,False
31.535400179,180.58992513,36.000154443999996,4378.3828668,1,True,False,False,False,False,True,False,False
11.193571441669954,277.5318640718587,-1.06721435465104,200.0,0,False,True,False,False,False,True,False,False
49.989150577,135.66286892,11.893653110999999,2013.4814996,1,False,False,False,True,False,False,False,True
22.748807818757683,223.4246651198992,119.2265979453696,1218.544819724175,1,False,False,True,False,False,False,False,True
8.348166841414317,64.6859191932871,6.448763770413727,2346.753535202946,0,False,False,False,True,False,True,False,False
4.425763876570677,284.29146257129247,1.3429613943162846,2346.753535202946,0,False,False,True,False,False,False,True,False
13.788936801741416,25.991427232503305,-1.10626811792886,1253.7108077647079,0,True,False,False,False,False,False,False,True
13.620831762442211,248.22963037136202,-4.991927195941457,714.6976791354509,0,True,False,False,False,False,True,False,False
5.397716934578618,186.3761916184961,-1.0466183857593305,723.4789201012876,0,False,True,False,False,False,True,False,False
10.504963247670663,79.47706060395375,-4.492339908955187,591.7502854072673,0,False,False,False,True,False,False,True,False
15.226879747925738,280.9891854877903,0.9719215078866801,967.99232475022,0,True,False,False,False,False,True,False,False
48.248081631,215.46376885,94.864791111,3130.9814724,1,True,False,False,False,False,True,False,False
10.556706805399308,240.55660747980585,3.4655280363157206,2302.999805638534,0,False,False,False,False,True,False,True,False
34.329881032,100.98441145,114.92699867,3326.8055827,1,True,False,False,False,False,False,False,True
8.13587392731214,175.20081891289303,1.9984397587632081,1614.426733281508,0,False,False,False,False,True,False,False,True
34.679422802,272.81709798,289.039984,4543.7653537,1,True,False,False,False,False,False,False,True
49.43006897,128.7672916,-157.22593778,2211.9814996,1,True,False,False,False,False,True,False,False
19.690182832329846,358.96482005677603,1.6084890309800681,1548.2406379219685,0,False,False,True,False,False,False,True,False
37.685133192,161.8199429,144.14250111,2299.6049262,1,True,False,False,False,False,True,False,False
4.329429146321889,342.50520319439653,0.12109728336379035,942.6200258781133,0,False,True,False,False,False,False,False,True
15.14814420961806,253.6850745851928,7.716217641360945,2346.753535202946,0,False,False,False,True,False,False,False,True
16.10951252187612,286.1314375499746,-3.7787257974642237,2346.753535202946,0,False,False,True,False,False,False,True,False
13.926586898644183,358.6802097804271,-4.196048336695032,200.0,0,False,True,False,False,False,False,False,True
15.692332899977053,273.9700449007301,-3.6776497129488326,1468.117374456556,0,False,False,False,True,False,False,True,False
40.19254164262252,177.10989379882812,66.82894363636363,463.7272727272728,1,False,False,True,False,False,False,False,True
13.137299673020648,51.29839544454476,-2.216411255957552,1949.2046673485002,0,False,True,False,False,False,False,True,False
46.45816584995815,207.96187482561385,-254.67444,1138.857142857143,1,False,False,True,False,False,False,False,True
29.275976605,331.9520874,89.263062111,3649.6388889,1,True,False,False,False,False,True,False,False
14.024908554804778,47.114517858605936,2.097662219535139,2058.298977619408,0,False,True,False,False,False,False,True,False
39.98169593811034,116.0308521270752,-79.6677564,1730.25,1,False,False,False,True,False,True,False,False
17.897200603606436,257.8142427203497,4.596144672876017,1564.2831613328583,0,False,True,False,False,False,False,True,False
38.67992528279623,130.5246429443359,-367.4404,1405.0,1,True,False,False,False,False,True,False,False
30.81341726883598,207.5203990106997,10.393048554347827,1370.1521739130435,1,False,False,True,False,False,False,False,True
37.260077582,237.57852342,-18.172895138999998,3648.3549533,1,True,False,False,False,False,True,False,False
11.288102574893532,174.0764328191729,-2.0182423162099834,2346.753535202946,0,False,False,False,False,True,False,True,False
38.754109852054576,235.79206184031432,-126.28682917551814,2154.7357512953367,1,True,False,False,False,False,True,False,False
10.541531251033616,182.68838415390104,2.095095046830226,1006.1258577690866,0,False,False,False,True,False,False,True,False
14.572194170293745,198.08155517625423,2.1179953279673054,1052.357212362302,0,False,True,False,False,False,True,False,False
7.888898022167843,287.21291358910844,-7.812729284432714,1783.3506684935376,0,True,False,False,False,False,False,False,True
8.53545202369673,240.07113271659756,-4.797196183617399,2087.52453606654,0,True,False,False,False,False,True,False,False
40.05331185745867,322.3076631728917,-20.603764726027396,484.16438356164383,1,False,False,True,False,False,False,True,False
10.911593983863899,340.0611190106484,-5.84958417855144,647.7812436343816,0,True,False,False,False,False,True,False,False
11.349284728161576,243.54481887980876,1.5089594990973298,2322.4007208925145,0,True,False,False,False,False,False,True,False
6.018966879596646,8.851289925168544,12.464997587163953,2180.739368200224,0,False,False,True,False,False,True,False,False
6.376789540810654,227.93449521384804,-5.337664571271365,1027.1069069889431,0,False,False,False,True,False,True,False,False
9.534995326705836,312.450586027208,9.270462831670942,590.9070331669928,0,True,False,False,False,False,False,True,False
5.845678417830224,355.19853357617274,-4.66633979536598,2346.753535202946,0,False,False,True,False,False,False,True,False
15.55807439044445,15.628511827734899,10.312624596215725,957.314822059562,0,False,True,False,False,False,False,False,True
18.456981023,217.02722677,50.554040444,4257.6265191,1,True,False,False,False,False,False,False,True
7.714212217918587,21.726750236602967,-1.2541650822752368,2086.3598887273433,0,False,False,False,True,False,True,False,False
33.323113547,184.01807997,10.063650667,3943.0833062,1,True,False,False,False,False,False,False,True
7.896588408241447,337.0364086477283,-3.3885768487605303,2346.753535202946,0,False,False,False,True,False,False,False,True
15.12833673882503,29.38679353101225,-1.613399194210679,784.7166000972068,0,False,False,False,True,False,True,False,False
12.321400095477314,263.9206880695011,2.827548228157721,1337.0604773357793,0,False,False,False,False,True,False,False,True
39.532224019,42.761819919,56.005802556,4562.9845378,1,True,False,False,False,False,True,False,False
39.67872601635051,161.80305077894678,-53.17152466037735,1601.4905660377356,1,False,False,True,False,False,False,False,True
4.8206892441028035,312.5776609847731,2.9626347460059157,1500.3035409413565,0,False,False,False,False,True,False,False,True
39.726336585,232.31161329,14.857930819,4512.5617405,1,True,False,False,False,False,True,False,False
49.64847074236189,207.05442156110487,-24.787257142857147,1539.428571428571,1,False,True,False,False,False,False,False,True
54.62235595817981,194.43033357746455,356.79340369896175,931.261205627512,1,False,True,False,False,False,False,False,True
5.81524644560959,117.52607096783709,7.355851637468043,1126.246924230276,0,False,False,False,True,False,True,False,False
41.875058916,151.46776157,-12.040789110999999,4077.5308431,1,True,False,False,False,False,True,False,False
56.152946472,145.18504673,191.23344711000001,1868.8364258,1,True,False,False,False,False,True,False,False
43.655657874,142.27357229,2.3934115556,4059.5092231,1,True,False,False,False,False,False,False,True
31.85090201241629,180.60915047781808,-48.85763457142858,1394.2857142857142,1,True,False,False,False,False,False,False,True
9.115481721687985,110.62438737346316,-3.7589552504759216,1309.4097305624537,0,True,False,False,False,False,False,True,False
35.0909754374021,149.46066999138563,-23.2401904826678,1766.851702366048,1,False,False,True,False,False,True,False,False
15.73646802561631,349.1683365986174,0.7044312345560196,955.5839796212305,0,False,False,False,False,True,False,False,True
12.227859199519068,349.70223385499025,-0.6922799199188691,1246.5907492436472,0,False,True,False,False,False,False,True,False
46.212288751,144.40456814,-108.70172421999999,1615.1358236,1,False,False,False,False,True,False,True,False
17.815818760774796,74.10283561323656,3.8918053808331887,1037.9970929896106,0,False,True,False,False,False,True,False,False
36.943109724,215.72087606,-8.2975131111,3882.0833605,1,True,False,False,False,False,True,False,False
13.209811357830171,255.01067161741253,-1.8956387049374355,583.3224320391732,0,True,False,False,False,False,False,False,True
28.3966599873134,176.92553588322227,-54.65575300892858,731.8214285714284,1,False,False,True,False,False,False,False,True
34.70172506341284,192.2405965850969,35.77423616460968,1104.178483954118,1,False,False,True,False,False,False,False,True
9.573182260854482,324.25267104405305,-2.643083408748784,1804.3756974577939,0,False,False,False,False,True,False,False,True
12.342814874030136,104.99852833534916,0.9167995988957782,2346.753535202946,0,False,False,True,False,False,False,True,False
8.73335383713144,117.06842312089016,3.241402169219295,1213.4466311129597,0,True,False,False,False,False,False,True,False
7.580712818994335,350.9255383728419,-5.224045970105167,2346.753535202946,0,True,False,False,False,False,False,True,False
25.562721416523633,131.89510165896587,47.96894038697755,1395.209686052758,1,False,False,True,False,False,False,False,True
7.552427851872384,122.20206931541018,6.002069539722127,2275.01110149411,0,True,False,False,False,False,False,False,True
35.45885213216146,195.99547068277997,-80.87922933333334,579.5,1,False,False,True,False,False,False,False,True
34.47276078330146,166.5389484829373,-76.59994183333332,410.19444444444446,1,False,True,False,False,False,False,False,True
35.596933577,118.95626916,-66.862180056,2997.2036947,1,True,False,False,False,False,False,False,True
9.578829635668743,187.11862148016635,-1.9981809280730118,1280.7745183090967,0,False,False,False,True,False,True,False,False
9.181377235980126,274.4226485195817,2.579696088520497,2240.257549867809,0,True,False,False,False,False,False,True,False
2.406143923504793,331.5052252136473,-1.940884092706144,1689.3731139346012,0,False,True,False,False,False,True,False,False
13.718091447842307,247.6388600282928,11.596647699908472,2346.753535202946,0,False,False,False,False,True,False,False,True
49.7983515,148.52689955,123.38961026999999,2596.484592,1,True,False,False,False,False,False,False,True
36.508905835,89.997079637,-60.629844111000004,3756.8363715,1,True,False,False,False,False,False,False,True
17.677828200902994,14.439308908493693,3.6743889302490875,2346.753535202946,0,False,True,False,False,False,True,False,False
16.361603183603393,70.48007484607659,-2.413717610910162,1875.5108439693922,0,True,False,False,False,False,True,False,False
16.770008817466014,312.13133860408146,3.3144063433370636,1322.7113519560342,0,False,False,False,True,False,False,True,False
40.97349655628204,171.83524227142334,-142.740724234375,1912.3125,1,True,False,False,False,False,False,True,False
4.8762590689327165,46.39315229044027,4.167644808044623,1820.770905758216,0,False,False,False,False,True,False,False,True
17.365579795075835,166.53463436709677,-74.40804055334303,443.85109845650015,1,False,False,True,False,False,False,False,False
22.475354807717455,84.40715735299247,-80.84585207142857,892.4285714285713,1,False,False,True,False,False,False,True,False
40.400945028,222.36064826,150.85743444,4590.8024089,1,True,False,False,False,False,True,False,False
10.98903673783053,301.7215042733197,-2.663504198309557,200.0,0,False,False,False,True,False,True,False,False
10.773059419985648,257.071295567674,-6.735631447648482,200.0,0,False,True,False,False,False,True,False,False
51.555369483,148.01898193,242.36032844,2028.6512451,1,False,False,False,False,True,False,False,True
9.003124885231136,189.05881812014167,4.263868375611097,2296.1084110129814,0,False,True,False,False,False,False,True,False
54.782093048095696,182.94592285156247,28.802456,1472.0,1,False,False,True,False,False,True,False,False
8.231319178212551,288.62210990512506,-4.8580701925532574,2346.753535202946,0,False,False,True,False,False,False,False,True
43.92237281799317,192.20405197143555,-78.929808,410.625,1,False,False,True,False,False,False,False,True
26.21896171569825,210.69730377197268,65.879724,817.0,1,False,False,True,False,False,False,False,True
29.68154697730893,152.4758435859055,-131.35899,2540.770491803278,1,True,False,False,False,False,False,False,True
33.970764584,262.91352844,-1.571584,4433.0371094,1,True,False,False,False,False,True,False,False
38.200247659,80.266125149,193.24261422,1987.4136149,1,True,False,False,False,False,False,False,False
6.609101975458276,156.91712723397944,139.8936912831958,602.6052192459455,1,False,False,True,False,False,True,False,False
46.06547335274557,175.99866326759707,-190.7161133692779,1723.294814715057,1,False,False,False,True,False,False,False,True
33.13406094142369,199.93537423270087,-25.611274401785714,1992.6857142857143,1,False,False,True,False,False,False,False,True
39.25781567891439,115.68667856852214,-156.71968,660.6666666666665,1,False,True,False,False,False,False,False,True
14.064657271378122,290.8245390988531,0.33495358612435955,1523.2841382090803,0,True,False,False,False,False,False,True,False
29.768242518,186.569497,109.41331378,1704.5246853,1,False,False,True,False,False,False,False,True
12.76862552972764,234.1172470848973,-9.83178294688001,1675.6837647588782,0,True,False,False,False,False,False,False,True
49.96021397908529,202.2281256781684,-225.67988088888887,1226.8888888888887,1,True,False,False,False,False,False,False,True
16.58930973527388,163.36423489811014,-2.187291501617052,2346.753535202946,0,False,False,False,False,True,True,False,False
16.26216667398112,185.33424741468846,1.9733576491149054,2346.753535202946,0,False,False,False,False,True,True,False,False
14.596732571205862,136.72288086452272,-4.137951103243598,2346.753535202946,0,False,False,True,False,False,True,False,False
22.755660284133185,267.99818929036456,-172.62806019047616,1222.6190476190477,1,False,False,True,False,False,False,False,True
14.803922631841171,11.034900794090184,-1.3840664994446035,2346.753535202946,0,True,False,False,False,False,False,False,True
11.456199257715712,186.8694426490385,-5.360695059928035,1699.203946482202,0,False,True,False,False,False,False,True,False
12.932271573847139,313.46996445810413,2.942892022103048,2346.753535202946,0,False,False,True,False,False,False,True,False
13.661570059897958,294.90798939364447,-0.3982069562285757,2346.753535202946,0,False,True,False,False,False,True,False,False
10.882686073370746,313.8420839731926,2.2794388604080384,2346.753535202946,0,False,True,False,False,False,False,False,True
13.536497604383047,10.790492354164062,5.44374309852093,2346.753535202946,0,True,False,False,False,False,True,False,False
15.169595111590056,177.22002832129252,-4.2526022710465,797.7725788725558,0,False,False,False,True,False,False,True,False
44.717160275107936,195.1408819901316,-127.78047852631579,2879.2631578947367,1,True,False,False,False,False,True,False,False
18.388384109492545,216.58025525267922,7.061102777077146,2346.753535202946,0,False,False,True,False,False,False,True,False
8.774401226974378,160.5249742956294,-1.4513727209432568,742.9675826903571,0,False,False,False,False,True,False,False,True
39.31853904724121,182.56018066406247,-191.2314736,949.2,1,False,False,True,False,False,False,False,True
19.93008408072676,113.81619779163019,-5.708445570667525,209.4601546295844,0,True,False,False,False,False,False,True,False
11.308678494144077,213.26680247742632,11.052615007956756,1566.3359100215787,0,False,False,False,True,False,False,False,True
7.803912383886807,16.467132172504627,-3.9299473025397478,530.1815114465053,0,False,False,False,True,False,False,False,True
39.422789256,246.32598792,211.39886489,4399.3549805,1,True,False,False,False,False,True,False,False
31.676653193930793,77.71346024672192,-56.51258631770833,1632.03125,1,False,False,True,False,False,False,False,True
6.96991309250149,38.37349091087666,-4.389912933782806,2346.753535202946,0,False,False,False,True,False,False,True,False
21.483964913269737,313.5488845485908,0.923401529324542,316.2479297507068,0,False,True,False,False,False,True,False,False
13.082292947909874,85.51559697259594,3.365906756349792,200.0,0,False,False,False,False,True,False,True,False
45.00653991699218,228.5616790771484,-193.89308080000004,1966.0,1,True,False,False,False,False,True,False,False
10.755179257604633,127.23169654897852,2.8981658660678784,2346.753535202946,0,False,False,False,True,False,True,False,False
46.38555561412465,216.94362432306465,-292.5160972727273,1837.8181818181813,1,False,False,True,False,False,False,False,True
22.0,84.97816680472702,3.6119067891388568,484.985858403041,0,True,False,False,False,False,False,True,False
1.8742870667119647,89.00318678514374,-2.9026172490236135,454.5448824508985,0,False,False,True,False,False,True,False,False
58.25006357828776,149.898193359375,-23.04174933333333,990.0,1,False,False,True,False,False,False,False,True
14.57523843153024,124.53659731690665,-1.2434556309177354,1361.859542823026,0,False,False,False,True,False,False,True,False
41.35831832885742,203.43297576904297,-19.797538,2141.5,1,True,False,False,False,False,False,False,False
8.40777889373782,142.62216897933195,-8.075659079527547,1527.6861174194796,0,False,True,False,False,False,False,True,False
28.94089271667156,138.75089953808074,-85.84827238297872,1919.4893617021276,1,True,False,False,False,False,True,False,False
38.07589866339378,174.18555010894792,329.212107834965,905.7524041425539,1,False,False,True,False,False,False,False,True
11.635855436715635,121.28248503759846,4.639200640406186,1470.3150763459437,0,False,False,False,False,True,True,False,False
13.07046872065102,199.93087833754726,2.6914803952481647,1437.0804321349735,0,False,False,True,False,False,False,True,False
24.60734318362342,162.14032406277127,-189.68024177777775,531.1111111111111,1,False,False,True,False,False,False,False,True
33.62443923950195,100.71253967285156,-282.776964,2179.75,1,True,False,False,False,False,True,False,False
51.741628646850586,157.8446502685547,-133.197516,2464.5,1,True,False,False,False,False,True,False,False
55.81765397389729,177.0829200744629,-100.97972179166669,970.8333333333331,1,False,False,True,False,False,False,False,True
3.434327354545612,148.87767654912653,9.366488881087728,2346.753535202946,0,False,True,False,False,False,False,False,True
12.349010424950094,14.163674640663473,3.4819372372835766,1225.0078466833356,0,False,True,False,False,False,False,False,True
11.932513876310331,222.0936906152672,2.791634562608612,200.0,0,False,False,False,True,False,False,False,True
31.855863636853744,153.35411554453324,-62.11092526530612,2010.857142857143,1,False,False,False,False,True,False,False,True
18.781200142854114,116.49967889383485,4.192453872258209,1097.6089747188303,0,False,False,True,False,False,False,True,False
6.285148510846884,244.88216727526486,-5.516041828608416,264.23752957855504,0,False,True,False,False,False,True,False,False
15.430257299992196,152.5457713135546,-1.4770070506951472,1945.0379642580722,0,False,False,True,False,False,False,True,False
22.0,343.9885305437765,-3.2298208956226766,2346.753535202946,0,False,True,False,False,False,True,False,False
11.200307350182864,134.37064498656244,5.743186747143576,283.1443902393555,0,False,False,False,True,False,False,True,False
22.0,263.3722278319195,7.506668259777434,1830.9866007937085,0,True,False,False,False,False,True,False,False
17.49388425993595,245.9692901842725,-14.361311066408247,205.85088748461158,0,False,True,False,False,False,True,False,False
7.310874800424386,261.7808651158709,-2.915387192844692,1318.755828207809,0,False,False,True,False,False,True,False,False
11.895492030179259,242.13676256104546,1.6158385709239071,2134.0037013672804,0,False,True,False,False,False,False,True,False
11.826441151473784,246.8035034024297,4.747770677206619,1097.1130072682395,0,False,False,False,True,False,True,False,False
4.0278617060281645,65.3178051704257,0.3392775526370165,1549.0394001860323,0,True,False,False,False,False,True,False,False
10.389692418971622,37.77486423054295,-0.7926478651348501,2346.753535202946,0,True,False,False,False,False,False,True,False
14.54743433,101.14254761,117.90118644,4132.8796658,1,True,False,False,False,False,True,False,False
34.53396940231323,203.9888168334961,-120.38401505,808.0,1,False,False,True,False,False,False,False,True
14.219097140731142,155.11950851825014,-7.091828664665159,2346.753535202946,0,True,False,False,False,False,True,False,False
25.167319616,327.28834025,122.34659989000001,3494.1172689,1,True,False,False,False,False,False,False,True
7.957531985534062,155.6405283753367,6.951037745086566,812.7880870233259,0,False,False,False,True,False,False,False,True
46.590858883,145.2409668,120.86171156,4038.4721951,1,True,False,False,False,False,True,False,False
4.923146289747929,348.5496340492998,-6.048473714205538,2346.753535202946,0,False,False,False,False,True,False,True,False
28.998467551,262.26807658,246.50542178,4558.8179253,1,True,False,False,False,False,False,False,True
10.423653776798272,157.90155090825257,0.9051077935185348,2346.753535202946,0,False,False,True,False,False,False,False,True
16.067548180003193,222.425006472437,8.86125798334872,2346.753535202946,0,False,False,False,True,False,False,False,True
12.58663691654391,159.75007894964563,-0.7380129314933435,851.4836558368829,0,False,False,False,True,False,True,False,False
16.75211919093025,102.55424470629222,1.493764541828431,1166.6534157080303,0,False,False,False,True,False,False,False,True
34.575924555,201.18377177,101.78685578,4434.3024631,1,True,False,False,False,False,True,False,False
4.990744686038596,287.1212762293877,-9.009902187900098,1263.7790593108557,0,False,False,False,True,False,False,False,True
41.2721471786499,218.73994827270508,-114.120199,914.5,1,False,False,True,False,False,False,False,True
7.402878828830985,280.74635600160593,0.5979018420707662,2346.753535202946,0,False,False,False,True,False,False,True,False
5.695580228324774,349.1355762282761,-4.4374608890105005,1227.7371371843205,0,False,False,False,False,True,False,True,False
19.32824384460777,313.8636699882835,1.1689295589537385,2346.753535202946,0,False,False,True,False,False,False,False,True
22.0,173.348046544518,0.015230100767072347,1862.4841022176445,0,False,False,False,True,False,False,True,False
11.938766135765427,313.4712421214133,7.4634428447976084,2330.0769025783557,0,False,False,False,False,True,False,True,False
22.342288970947266,152.21851603190103,-231.362544,1579.0,1,False,False,True,False,False,True,False,False
27.167778985840933,190.9399828229632,-327.49804571428575,2036.857142857143,1,True,False,False,False,False,False,False,True
40.30310964584351,194.0522499084473,-28.438587,4308.0,1,True,False,False,False,False,False,False,True
18.388324478942124,312.5312115759019,-2.330182509341211,1792.7016391995628,0,False,True,False,False,False,False,True,False
36.605599923567326,95.1078643798828,-175.54934927272728,677.1818181818181,1,False,False,True,False,False,False,False,True
29.063779619,85.423542447,5.733764088499999,1387.90743,1,False,False,True,False,False,False,True,False
17.415256215876383,92.76583986403692,1.5370334890455037,1332.301183634399,0,True,False,False,False,False,False,True,False
4.962681128117223,131.92615255370325,-0.17820741148741784,2073.685023980914,0,False,False,False,False,True,False,True,False
11.61449145292948,28.841344698483052,-5.234554913409698,1888.8356135333813,0,False,True,False,False,False,False,True,False
16.0643105941948,110.85477897282873,9.422931529673045,2346.753535202946,0,False,False,True,False,False,True,False,False
21.43092950605265,273.9686367394796,0.7433372860105578,2195.285932888845,0,False,False,False,True,False,False,False,True
2.2395610023874912,53.40355234635199,-9.3326830853653,1410.2878121285305,0,False,True,False,False,False,True,False,False
16.328775970850607,140.78935319463386,-3.048914521596911,2104.8294185259374,0,False,True,False,False,False,False,False,True
37.908235338,192.70278761,59.395754667000006,4649.8580187,1,True,False,False,False,False,True,False,False
14.941586032422883,347.44273071697637,-0.6087375419164176,1958.575786923983,0,False,False,False,True,False,False,False,True
14.367962153175908,309.64406298811366,2.896457498005442,1374.065839610912,0,False,False,False,False,True,False,True,False
32.33029810587565,185.23141479492188,-302.8808906666667,1414.0,1,True,False,False,False,False,False,False,True
6.468325129969859,272.9747505344481,1.9428930226548204,200.0,0,False,False,True,False,False,False,False,True
31.169343101,146.89472792,125.42040689,2369.8827311,1,True,False,False,False,False,True,False,False
41.448216756,164.41541714,-156.57256633,3072.0833605,1,True,False,False,False,False,True,False,False
23.4692959504969,144.81910526051243,-107.83058117647059,559.0,1,False,False,True,False,False,True,False,False
47.036692301,142.63734521,270.23567189,1246.1975369,1,False,False,True,False,False,False,False,True
24.679123561,258.59152561,123.30141422,4480.4351671,1,True,False,False,False,False,True,False,False
12.379022790968632,204.1258539552004,-0.10683647174218079,2252.3623923775117,0,True,False,False,False,False,False,False,True
26.6614758379691,106.29861891404198,123.24505891056015,740.5041541858942,1,False,False,True,False,False,False,False,True
3.18479922318633,24.421341277861885,1.9665891969718594,2346.753535202946,0,True,False,False,False,False,True,False,False
57.94967555999756,176.0378818511963,-210.6889585,2394.75,1,True,False,False,False,False,True,False,False
28.560007890065503,166.6380157470703,-294.239837,425.16666666666663,1,False,False,True,False,False,False,False,True
39.59272702534994,151.54896189371746,-172.560347,857.1333333333333,1,False,True,False,False,False,False,False,True
22.0,307.5786336130485,-1.0451162864301264,200.0,0,False,False,False,True,False,False,False,True
34.08217811584473,125.73506927490232,-29.519116,1991.5,1,True,False,False,False,False,False,False,True
8.599876392107547,142.8923794325746,3.3896293566963456,2094.10766668289,0,True,False,False,False,False,True,False,False
13.65631715701782,350.4560289038629,-9.181026865516483,696.8941947937028,0,True,False,False,False,False,False,True,False
42.018555959,194.4988505,28.944495222,1414.6573893,1,False,False,True,False,False,False,False,True
31.174470266,248.70966424,98.753100667,3621.2839355,1,True,False,False,False,False,True,False,False
21.261390922544688,103.33372794296861,-0.27884538828853006,200.0,0,True,False,False,False,False,False,False,True
14.568929754561044,153.17760040130713,1.4128997524414981,1544.056256062982,0,True,False,False,False,False,False,True,False
37.339126375,138.25294325,316.49299822,2285.6944444,1,False,False,True,False,False,False,False,True
12.578373171464293,76.3361423669616,2.1415354860382427,2086.3054268764135,0,True,False,False,False,False,False,True,False
10.90164056081244,235.62403714120867,5.429477829157891,200.0,0,True,False,False,False,False,False,True,False
19.05934408,250.27804057,93.531095701,3641.7963053,1,True,False,False,False,False,True,False,False
31.961149851,98.072926839,41.548876778,1958.2592638,1,False,False,True,False,False,True,False,False
46.054512872,322.54821099,331.72204622000004,3703.2314724,1,True,False,False,False,False,False,False,True
39.797197978,153.17623732,-101.48910067,2642.3611111,1,True,False,False,False,False,True,False,False
8.615389998470206,24.246216528757813,0.6677045239114116,1679.8615281431153,0,True,False,False,False,False,True,False,False
40.06981138749556,201.78400004993784,-403.13342281818177,2280.5,1,True,False,False,False,False,True,False,False
42.776921844482416,144.07086486816405,-95.47240640000001,684.8,1,False,False,True,False,False,False,True,False
22.0,234.44387173493715,-1.0183687508848294,1500.9773030144715,0,False,False,False,False,True,True,False,False
47.630485974106136,161.83427548875997,-167.30809339215688,844.7058823529411,1,False,False,True,False,False,False,False,True
45.646332635,146.06527201,54.101942222000005,2016.0956624,1,True,False,False,False,False,True,False,False
34.306193351745605,151.71463012695312,-286.202064,1614.0,1,False,False,False,False,True,False,True,False
14.73548690585019,249.34534280141924,2.5680005328485827,969.3031941165997,0,False,False,True,False,False,False,True,False
10.0734320156912,43.95956904360965,4.776526042852553,1541.322106552397,0,True,False,False,False,False,False,False,True
22.0,14.966229258141155,-3.5841116030140245,1776.3000602085674,0,False,False,True,False,False,True,False,False
32.489627838134766,236.09133300781247,-45.0719056,724.2,1,False,False,True,False,False,False,False,True
11.702373219691,254.4397980787605,6.312920517135911,2346.753535202946,0,False,True,False,False,False,True,False,False
36.28351473127093,226.34378901890344,-20.880368982142855,1530.928571428571,1,False,False,True,False,False,False,False,True
11.241074524822084,355.1868442651849,-0.4134034292134962,1619.073089570646,0,False,False,False,False,True,False,True,False
10.871118497567322,10.529021892441293,-7.779478231018136,1636.4321650225877,0,False,False,False,True,False,False,False,True
9.188562353795136,244.85067783370815,-5.073783653464334,782.2427708108302,0,False,True,False,False,False,False,False,True
20.143077727856458,78.02632803267923,6.484972732805546,1066.1639784676186,0,False,False,False,True,False,False,True,False
43.185190773010255,143.5609992980957,-28.0081189,1446.35,1,False,False,True,False,False,False,False,True
41.48654174804688,147.16822204589843,-96.479211,1420.2,1,False,False,True,False,False,True,False,False
39.428035736,119.86861102,3.1407964444,3444.1265734,1,True,False,False,False,False,False,False,True
13.507736711668063,45.06688519291816,5.953231373931707,1175.2246929808127,0,True,False,False,False,False,False,False,True
8.886502400897031,342.652242752366,3.154058422773888,797.2691874862569,0,False,False,False,False,True,True,False,False
39.487042427063,61.59968376159668,6.839912,1751.25,1,True,False,False,False,False,False,False,True
0.0,60.13508684434195,-2.7592907294622337,873.5570221529917,0,True,False,False,False,False,False,True,False
13.044317975023777,228.24205311586007,0.84680412018039,2194.754561800655,0,True,False,False,False,False,False,True,False
7.513728142570843,281.6587742609784,-1.355618005212844,1019.8973570101715,0,False,True,False,False,False,False,True,False
25.012851715,162.90853373,-27.643373986,4468.7160916,1,True,False,False,False,False,True,False,False
22.0,163.87925366944842,3.7957758015132343,1179.14588346312,0,False,False,True,False,False,False,True,False
46.010090691702715,185.764958517892,-176.194181,2855.6785714285716,1,True,False,False,False,False,True,False,False
30.884160572,229.92302619,-71.851756889,1967.7129313,1,False,False,True,False,False,False,True,False
1.3805213784509647,21.696260504241906,-1.4590563445777205,2346.753535202946,0,True,False,False,False,False,False,False,True
7.453062726026305,209.50970468918356,-1.1238270094634177,2346.753535202946,0,False,True,False,False,False,True,False,False
41.841490852,108.4813953,-208.29811022,1899.6882731,1,True,False,False,False,False,True,False,False
28.24167050852473,139.01684189465288,91.91933804927423,1986.9459872919608,1,False,False,True,False,False,True,False,False
31.115251541,198.73136902,110.56617489,3599.7499729,1,True,False,False,False,False,True,False,False
11.264713092489307,145.49051579437187,4.420226981805248,200.0,0,False,True,False,False,False,False,True,False
13.80818012523817,245.98633557834188,4.595382414938843,1650.1073374935431,0,True,False,False,False,False,False,False,True
44.648613298443,162.7646815340284,-70.1238693028169,514.1971830985915,1,False,True,False,False,False,False,False,True
3.3754108374348366,251.08972620094212,-2.908404569743219,1053.119808378597,0,False,False,True,False,False,True,False,False
49.84211394190788,114.24268221855164,-122.78271165625,1775.34375,1,True,False,False,False,False,True,False,False
35.678927528,99.006627401,78.780589111,4483.175944,1,True,False,False,False,False,True,False,False
38.96876487731934,194.639214070638,46.2250448,1760.2,1,False,False,False,False,True,False,True,False
14.934285469001352,111.73030521248656,2.70731364102394,2346.753535202946,0,True,False,False,False,False,True,False,False
46.60764408111572,173.14628982543945,-331.830607,1903.375,1,False,False,False,False,True,False,False,True
7.872514016037442,117.73193816276593,3.684219485462167,850.0464582461699,0,False,False,False,True,False,True,False,False
44.1860715230306,194.8960154215495,-116.97568941666668,857.6,1,False,False,True,False,False,False,False,True
41.04445733,151.01867676,-22.871114625,1619.6388889,1,False,False,False,True,False,False,True,False
39.23967266082764,225.004623413086,-89.460684,1448.0,1,False,False,True,False,False,False,False,True
7.126591648863393,229.11488983570922,0.16002074532883312,2346.753535202946,0,False,False,False,False,True,False,False,True
48.1259305100692,194.7018111379523,-168.57506129605264,2987.7236842105262,1,True,False,False,False,False,True,False,False
48.506967544555664,161.0601634979248,-381.870044,883.0,1,False,False,True,False,False,False,False,True
36.556987339,198.33933004,20.137149111000003,4534.3580729,1,True,False,False,False,False,False,False,True
10.652965827777212,211.1790467431707,6.585575336699327,200.0,0,False,False,True,False,False,True,False,False
14.575176336043299,267.37434763199315,-0.8356085689320575,200.0,0,False,False,False,True,False,False,False,True
22.0,233.09089709565708,0.6133515799739776,1684.9318561612192,0,True,False,False,False,False,True,False,False
4.607390048162863,227.74388152822132,-5.461563823362895,819.9138355593922,0,False,False,True,False,False,True,False,False
20.77670421221602,324.008324423284,12.94781821009307,200.0,0,False,True,False,False,False,True,False,False
16.062629111970992,7.964478550439011,-0.030354557699466617,928.94757043504,0,False,False,False,False,True,True,False,False
14.459595857532529,194.09805960309163,5.742228545983774,652.5066700585061,0,True,False,False,False,False,False,False,True
36.56033515930176,206.88822555541992,-30.600435,1002.75,1,False,False,True,False,False,False,False,True
7.047318374346558,4.183394366916229,-2.8825520036335974,200.0,0,False,False,False,False,True,False,False,True
19.013971554680495,96.83762559663516,-5.850565130296798,2346.753535202946,0,False,False,True,False,False,False,False,True
9.62527344419522,236.4251992348652,-3.9244915654112,1352.173239989842,0,False,False,False,False,True,False,False,True
34.3602180480957,102.55788803100585,-457.197472,1825.5,1,False,False,True,False,False,False,True,False
13.224832855543614,294.4203178230078,3.971323398109136,1992.2180301822452,0,True,False,False,False,False,False,False,True
15.873170267146683,89.53713813154677,-8.804044059903879,1409.3401067656398,0,False,True,False,False,False,False,False,True
5.895781750144889,93.52928918309753,-4.6033679653968305,1343.188563503199,0,False,True,False,False,False,False,False,True
11.426317792665506,213.46230651657388,2.2230133411007036,435.48770765995323,0,False,False,True,False,False,False,True,False
13.806978027542069,98.50559986139972,1.3369615703595148,1879.0245735938374,0,True,False,False,False,False,False,True,False
45.673450894,138.55799866,177.49370022,2897.3457031,1,True,False,False,False,False,True,False,False
16.112724560515943,227.4528697260006,2.693779962231846,2346.753535202946,0,False,False,True,False,False,False,False,True
15.955159735215235,23.115217347048272,-6.834393492077106,1898.9503462213643,0,False,False,True,False,False,True,False,False
9.042143055820851,63.773924201058925,-7.9735153363339775,820.912095697412,0,False,False,True,False,False,False,False,True
33.61369125366211,231.73461853027345,34.84847118,1453.68,1,False,False,True,False,False,False,False,True
40.348316616,139.761478,100.22677094,3351.9228516,1,True,False,False,False,False,True,False,False
44.52906901758388,135.29465445185517,-182.73784905203306,1864.9180771841436,1,False,False,True,False,False,False,False,True
4.938481493323542,317.11347331161426,-3.849866155293209,364.49632986323627,0,True,False,False,False,False,False,False,True
36.932959874,314.87548828,247.77373244,3335.0709907,1,True,False,False,False,False,False,False,True
42.06607471812856,133.7598308216442,21.730919727272727,466.27272727272725,1,False,False,True,False,False,False,False,True
42.39989948272705,198.54761123657224,-3.059643,1179.25,1,False,False,True,False,False,False,True,False
47.428663253784165,179.05581665039062,-239.7568,2438.0,1,True,False,False,False,False,True,False,False
9.993897640570818,122.84921794541629,4.519674205430976,1281.16061005832,0,False,False,True,False,False,True,False,False
35.719947814941406,210.9862823486328,-93.23858,1264.0,1,False,True,False,False,False,False,False,True
10.074588597918417,254.94195191230136,-1.545582321012507,2346.753535202946,0,True,False,False,False,False,True,False,False
32.41357612609863,154.55388488769532,-115.3490496,2260.4,1,False,False,False,False,True,False,False,True
15.1417275463214,146.48686586023342,-4.015894753401724,2346.753535202946,0,False,True,False,False,False,False,True,False
25.668349742889404,107.85845947265624,-193.13909,886.75,1,False,False,True,False,False,False,False,True
2.6636740370412593,213.2461182936104,0.10635788368030825,1035.9962111141144,0,True,False,False,False,False,False,True,False
29.752145979,222.74235874,46.684647222,813.36728923,1,False,False,True,False,False,False,False,True
3.9364206440517417,75.83838804203997,8.511074723176188,1039.5384195460178,0,False,False,True,False,False,False,True,False
34.989842733,200.93922594,-0.5967093333300002,4624.66352,1,True,False,False,False,False,True,False,False
48.16902528490339,110.88628496442522,-199.18380771428568,1848.5,1,True,False,False,False,False,True,False,False
34.650342941,334.25257365,99.24886177799999,4582.8148329,1,True,False,False,False,False,True,False,False
7.459879622393945,57.09783790550653,0.17041734129613034,1028.992223469953,0,True,False,False,False,False,False,False,True
22.129599761962886,110.33717956542968,13.68014,557.2,1,False,False,True,False,False,False,False,False
40.46854320649177,148.78457223215412,-46.498392483870965,677.2580645161289,1,False,False,True,False,False,False,False,True
6.245032112888486,57.873562577390956,6.138344962366461,2233.5474938171183,0,False,False,False,True,False,False,True,False
42.423526764,184.78143989,142.98617956,4294.7654622,1,True,False,False,False,False,True,False,False
13.383453996650095,197.13325541534505,5.928520773314984,2346.753535202946,0,False,False,True,False,False,False,True,False
37.029640834,141.54912313,177.92987733,4160.1450738,1,True,False,False,False,False,True,False,False
7.365347642109585,222.17219517745082,-7.628281572850474,1060.8914432186466,0,False,False,False,False,True,True,False,False
57.717934926,111.83025021,302.61778089,1979.2006293,1,True,False,False,False,False,True,False,False
36.452281104,151.89782206,118.05917244,4440.7190755,1,True,False,False,False,False,True,False,False
41.33885142008464,148.18082021077473,-208.31978593333332,858.9333333333332,1,False,False,True,False,False,False,False,True
22.0,302.35006903201935,5.936930257823756,1809.3661682647719,0,True,False,False,False,False,True,False,False
32.5451744950336,167.49743984056556,-118.64365817391307,1512.4347826086955,1,False,False,False,True,False,False,False,True
34.367727704,230.83790419,41.175332333,4516.8302951,1,True,False,False,False,False,True,False,False
